Tarih,1539,1535,1517,1501,1543
1.10.2010,1.25,6.4,8.78,103,18
2.10.2010,1.25,6.15,8.97,103,18
3.10.2010,1.34,6.4,8.97,65,18.4
4.10.2010,1.34,6.4,8.97,83.4,19.2
5.10.2010,1.42,6.65,8.97,104,20.1
6.10.2010,1.42,6.4,8.97,98.5,20.1
7.10.2010,1.42,6.65,4.5,84.1,20.1
8.10.2010,1.54,8.55,3.27,104,21.8
9.10.2010,1.65,8.55,3.27,101,21.8
10.10.2010,1.77,9.71,3.39,104,22.6
11.10.2010,1.88,8.84,3.78,68.5,23.5
12.10.2010,1.88,8.55,3.39,51.3,24
13.10.2010,1.88,8.55,3.39,51.3,24
14.10.2010,1.88,9.13,3.39,51.3,24
15.10.2010,3.13,10,3.5,71,25.6
16.10.2010,4.3,11.4,3.64,102,27.2
17.10.2010,8.18,19.9,4.07,102,27.2
18.10.2010,6.63,32,4.35,66,28.8
19.10.2010,4.9,22.1,4.35,51.3,36.7
20.10.2010,4.1,16.9,4.35,51.3,37.4
21.10.2010,3.9,14.7,4.35,51.3,33.5
22.10.2010,3.51,13.5,4.35,71,31.8
23.10.2010,3.32,12.8,4.35,100,30.6
24.10.2010,3.13,12.1,4.5,12,29.4
25.10.2010,3.13,11.7,4.5,43.7,28.8
26.10.2010,2.94,11,4.35,103,28.3
27.10.2010,2.75,10.7,4.5,101,27.7
28.10.2010,2.6,10.7,4.64,57.3,27.7
29.10.2010,2.75,12.1,4.79,51.3,29.4
30.10.2010,3.51,15.1,4.35,52,29.4
31.10.2010,4.5,18.3,4.07,51.3,30.6
1.11.2010,3.9,17.8,4.35,99,32.9
2.11.2010,3.51,16,4.21,103,34.1
3.11.2010,3.13,14.3,4.07,103,33.5
4.11.2010,2.94,13.5,3.78,105,31.8
5.11.2010,2.94,13.5,3.78,105,30
6.11.2010,2.75,13.1,3.78,105,28.8
7.11.2010,2.75,13.1,3.78,105,28.3
8.11.2010,2.6,12.4,3.78,105,28.3
9.11.2010,2.6,12.1,3.78,102,27.7
10.11.2010,2.6,11.7,3.78,102,27.2
11.11.2010,2.6,11.4,3.64,102,26.7
12.11.2010,2.45,11,3.78,102,26.7
13.11.2010,2.45,11,3.64,102,26.7
14.11.2010,2.45,10.7,3.64,103,26.2
15.11.2010,2.45,10.7,3.64,103,26.2
16.11.2010,2.3,10.3,3.64,103,26.2
17.11.2010,2.3,10,3.78,103,26.2
18.11.2010,2.3,10,3.78,103,25.6
19.11.2010,2.3,9.71,3.78,103,25.6
20.11.2010,2.3,9.71,3.78,103,25.1
21.11.2010,2.3,10,3.78,103,25.6
22.11.2010,2.3,10,3.78,103,25.6
23.11.2010,2.3,10,3.78,103,25.6
24.11.2010,2.3,10,3.78,104,26.2
25.11.2010,2.15,10.3,3.64,101,26.2
26.11.2010,2.3,10.3,3.64,101,26.2
27.11.2010,2.6,10.3,3.78,93,26.2
28.11.2010,2.75,10.7,3.78,52,25.6
29.11.2010,2.6,10.7,3.78,78.3,25.6
30.11.2010,2.45,10.3,3.78,91,25.6
1.12.2010,2.45,10.3,3.78,99,25.6
2.12.2010,2.3,10,3.78,102,25.6
3.12.2010,2.3,10,3.78,93,25.6
4.12.2010,2.3,9.71,3.78,102,24.6
5.12.2010,2.15,9.42,3.93,101,24.6
6.12.2010,2.15,8.84,3.78,101,24.6
7.12.2010,2.15,8.84,3.5,101,24
8.12.2010,2.15,8.55,3.5,101,23.5
9.12.2010,2,8.27,3.39,102,23.1
10.12.2010,2,8.27,3.39,102,24
11.12.2010,2,8.27,4.21,102,24.6
12.12.2010,2,8.55,4.5,102,25.1
13.12.2010,2.3,9.71,4.5,102,24.6
14.12.2010,2.3,11.7,4.64,102,27.7
15.12.2010,2.3,13.1,5.25,102,32.3
16.12.2010,2.45,13.1,6.06,102,34.7
17.12.2010,2.75,13.9,6.55,102,34.7
18.12.2010,2.94,16,7.1,102,34.7
19.12.2010,3.51,18.3,6.92,102,36.1
20.12.2010,3.51,19.9,6.39,102,37.4
21.12.2010,3.51,19.4,6.06,99,39.5
22.12.2010,3.51,19.4,5.74,100,39.5
23.12.2010,3.51,18.8,5.58,100,38.8
24.12.2010,3.51,18.3,5.42,100,38.1
25.12.2010,3.32,17.3,5.42,101,37.4
26.12.2010,3.51,16.9,5.25,101,36.7
27.12.2010,3.51,16.9,5.09,101,36.1
28.12.2010,3.32,16.4,5.09,101,36.7
29.12.2010,3.32,16.4,5.09,52,36.1
30.12.2010,3.51,16.4,5.09,52.8,35.4
31.12.2010,3.51,16.9,5.09,59.7,36.1
1.01.2011,3.32,16.9,5.09,98,36.7
2.01.2011,3.13,16.4,5.09,101,36.7
3.01.2011,2.94,15.5,5.09,101,36.1
4.01.2011,2.94,15.5,5.25,101,36.1
5.01.2011,2.94,15.5,5.42,101,34.7
6.01.2011,2.94,15.5,5.25,101,34.7
7.01.2011,2.94,16.4,5.42,101,35.4
8.01.2011,2.94,16.9,5.25,101,36.7
9.01.2011,2.94,16.9,5.25,102,36.1
10.01.2011,2.75,15.5,5.09,102,36.1
11.01.2011,2.75,14.3,5.09,102,34.1
12.01.2011,2.6,12.8,4.93,102,32.3
13.01.2011,2.3,10.7,4.93,102,28.3
14.01.2011,2.45,11.4,4.93,102,27.2
15.01.2011,2.45,13.1,5.25,99,27.2
16.01.2011,2.45,14.7,5.09,99,30
17.01.2011,2.6,16,4.93,100,32.9
18.01.2011,2.75,14.7,4.93,100,34.7
19.01.2011,2.75,14.3,4.79,100,33.5
20.01.2011,2.45,13.9,4.79,101,31.8
21.01.2011,2.3,13.5,4.79,101,30.6
22.01.2011,2.45,13.5,4.5,101,30.6
23.01.2011,2.15,12.8,4.64,101,30
24.01.2011,2.15,13.5,4.64,101,31.2
25.01.2011,2.15,13.9,4.93,101,32.3
26.01.2011,2.15,15.1,6.73,101,32.3
27.01.2011,2.15,15.1,7.29,101,33.5
28.01.2011,2.15,14.7,6.55,96,34.1
29.01.2011,2.15,14.3,6.39,50.5,34.1
30.01.2011,2.15,15.1,6.23,49.7,33.5
31.01.2011,2.3,15.1,6.23,49,33.5
1.02.2011,2,14.3,6.06,49,31.8
2.02.2011,2,13.9,5.74,98,31.2
3.02.2011,2.15,12.8,5.74,98,30
4.02.2011,2.45,11.7,5.58,98,29.4
5.02.2011,3.13,11.7,5.25,49.7,28.8
6.02.2011,2.94,13.1,5.25,49,27.2
7.02.2011,2.94,12.1,5.74,49,27.2
8.02.2011,2.6,13.9,5.25,49,23.1
9.02.2011,2.15,15.1,5.42,49,25.6
10.02.2011,2,15.1,5.42,49,29.4
11.02.2011,1.88,15.1,5.42,49,35.4
12.02.2011,1.88,14.3,5.42,49,30.6
13.02.2011,1.77,13.9,5.58,49,30.6
14.02.2011,2,14.3,5.74,67.6,30
15.02.2011,2,15.1,5.9,102,30.6
16.02.2011,2,15.1,6.06,102,31.2
17.02.2011,1.77,14.7,6.06,102,31.8
18.02.2011,1.88,14.3,6.06,91,30.6
19.02.2011,2,14.7,7.1,52,31.2
20.02.2011,2.15,17.3,8.59,52,32.3
21.02.2011,2.45,19.4,8.97,52,26.7
22.02.2011,2.45,19.9,9.16,52,35.4
23.02.2011,3.32,20.4,9.16,51.3,38.8
24.02.2011,5.1,22.6,9.35,52,37.4
25.02.2011,6.32,29.5,9.35,52,41.5
26.02.2011,8.8,40.6,9.54,52,49.2
27.02.2011,11.8,55.4,9.73,52,58.6
28.02.2011,10.7,53.1,9.16,52,97.6
1.03.2011,10.3,48.6,9.16,52,101
2.03.2011,10.3,46.3,9.16,52,93.2
3.03.2011,10.3,44.9,8.97,78.3,87.6
4.03.2011,9.91,43.4,8.78,102,89
5.03.2011,9.54,42,10.7,102,83.4
6.03.2011,9.54,40.6,11.9,102,83.4
7.03.2011,9.54,42,14.9,102,83.4
8.03.2011,9.91,45.6,15.5,102,87.6
9.03.2011,10.7,47.1,14.4,102,93.2
10.03.2011,13,54.7,14.7,102,93.2
11.03.2011,13,59.6,15.2,102,106
12.03.2011,12.1,56.2,14.9,101,112
13.03.2011,11.4,53.1,14.7,52,109
14.03.2011,10.7,50.1,14.7,80.2,102
15.03.2011,11,50.1,14.4,102,97.6
16.03.2011,11.8,50.8,14.2,22.5,97.6
17.03.2011,13.9,55.4,13.9,22.5,99.2
18.03.2011,18.1,65.6,13.9,22.5,107
19.03.2011,30.4,86.2,14.9,23,126
20.03.2011,41.8,158,14.7,21.5,158
21.03.2011,71,205,16,22,248
22.03.2011,87.9,301,17.8,23,321
23.03.2011,51.8,226,20.6,23.6,476
24.03.2011,40.3,155,23.6,21.5,375
25.03.2011,34.3,125,24.3,21.5,279
26.03.2011,29.1,110,24.3,21.5,238
27.03.2011,30.4,105,24.3,18.1,215
28.03.2011,32.4,111,24.3,23.6,207
29.03.2011,31.7,115,24.6,22.5,207
30.03.2011,33,117,24.6,27.9,209
31.03.2011,35.8,123,24.6,30.1,211
1.04.2011,41.8,133,24.6,51.3,215
2.04.2011,55.4,145,24.6,35.65,229
3.04.2011,62.6,159,25.3,27.825,236
4.04.2011,75.1,175,25,23.9125,247
5.04.2011,65.4,163,25,20,264
6.04.2011,55.8,139,25,13.1,257
7.04.2011,51,122,25,9.755,231
8.04.2011,47.3,105,23.6,8.0825,213
9.04.2011,52.6,106,22.9,6.41,198
10.04.2011,58.3,129,22.9,27.9,198
11.04.2011,54.2,135,22.9,27.9,220
12.04.2011,48,115,21.6,17.1,224
13.04.2011,44.5,103,20.3,28.4,207
14.04.2011,42.5,95.2,19.3,28.4,192
15.04.2011,41.1,91.6,18.7,29,182
16.04.2011,39.8,89.8,18.7,51.3,174
17.04.2011,45.9,93.4,18.7,46.7,172
18.04.2011,59.2,110,18.7,50.5,176
19.04.2011,61.8,126,17.8,50.5,192
20.04.2011,60,126,17.3,52.8,200
21.04.2011,55,112,17.3,52,202
22.04.2011,49.5,99.7,17.3,47.5,192
23.04.2011,51.8,91.6,16.2,48.2,180
24.04.2011,58.3,104,16,45.2,139
25.04.2011,57.5,112,16,52.8,150
26.04.2011,54.2,116,16.2,49.7,165
27.04.2011,50.3,105,15.7,47.5,165
28.04.2011,48,97,15.7,103,156
29.04.2011,55,97.9,15.7,102,148
30.04.2011,69.2,149,15.7,52.3,148
1.05.2011,60.9,154,15.7,52.5,186
2.05.2011,55,132,15.7,45.1,197
3.05.2011,52.6,122,16.5,45.6,182
4.05.2011,51,112,16.2,51.8,171
5.05.2011,51.8,111,16,44.9,163
6.05.2011,51.8,120,16.5,50.3,163
7.05.2011,53.4,136,17.3,50,180
8.05.2011,55,160,16.5,51.5,184
9.05.2011,53.4,157,16.2,51.1,202
10.05.2011,50.3,134,15.7,50.9,197
11.05.2011,49.5,125,15.7,51.6,180
12.05.2011,51,135,15.5,49.9,173
13.05.2011,49.5,131,16,52.1,178
14.05.2011,51.8,127,17,52.1,180
15.05.2011,48.8,123,17,52.4,182
16.05.2011,45.9,113,16.8,52.3,167
17.05.2011,43.8,105,17,52.3,158
18.05.2011,42.5,101,16.5,88.7,150
19.05.2011,41.1,95.2,16,89.6,144
20.05.2011,41.8,97.9,15.5,89.8,139
21.05.2011,41.1,97,15.2,87.5,141
22.05.2011,39.8,96.1,14.9,52.1,143
23.05.2011,39.1,102,14.9,51.8,143
24.05.2011,37.8,96.1,14.7,69,152
25.05.2011,35.8,88.9,14.4,51.7,146
26.05.2011,35.2,83.5,14.4,50.5,135
27.05.2011,33.2,79.9,14.4,51.6,126
28.05.2011,32.6,77.2,13.9,51.7,123
29.05.2011,33.2,77.2,13.9,50.9,119
30.05.2011,33.2,79,13.9,51.7,114
31.05.2011,34.5,75.4,13.6,63.2,114
1.06.2011,33.2,72.7,13.6,52.3,112
2.06.2011,35.8,79.9,14.4,84.2,109
3.06.2011,28.8,88.9,7.84,94.3,112
4.06.2011,25.2,74.5,5.42,99.3,123
5.06.2011,22.8,66.5,4.93,62.7,110
6.06.2011,20.7,60.4,4.21,51.8,102
7.06.2011,19.7,55.4,4.64,102,93.2
8.06.2011,18.7,52.3,4.35,91.6,87.6
9.06.2011,17.7,49.3,4.5,103,80.7
10.06.2011,16.7,47.1,4.5,102,76.9
11.06.2011,17.7,48.6,5.9,91.5,80.7
12.06.2011,17.2,53.1,7.66,89.6,84.8
13.06.2011,16.3,52.3,8.59,94.5,90.4
14.06.2011,17.7,54.7,11.6,99.1,102
15.06.2011,19.2,61.3,11.2,96,93.2
16.06.2011,17.2,56.2,11.2,102,93.2
17.06.2011,18.7,57.9,11.4,98.9,89
18.06.2011,16.7,57,11.4,99.5,87.6
19.06.2011,15.4,49.3,11,100,90.4
20.06.2011,14.5,45.6,10.7,102,82
21.06.2011,13.6,42.7,10.7,99.9,78.2
22.06.2011,12.8,39.9,10.1,50.6,73
23.06.2011,12.1,37.8,9.16,50.2,68.1
24.06.2011,11.7,35.9,7.1,51.3,64.6
25.06.2011,11,34.6,6.06,51.5,59.5
26.06.2011,10.7,33.3,4.93,49.5,57.5
27.06.2011,10.4,31.4,4.07,52,55.5
28.06.2011,10.4,32,4.07,60.3,54.5
29.06.2011,10.4,32,9.35,47.5,53.5
30.06.2011,10,30.8,9.35,52.6,52.6
1.07.2011,9.72,29.5,8.97,101,51.7
2.07.2011,9.4,28.3,8.59,101,49.9
3.07.2011,9.1,27.7,8.78,99.7,49
4.07.2011,8.8,26.6,8.03,91.5,45.4
5.07.2011,8.2,25.4,7.66,51.1,44.5
6.07.2011,7.61,24.3,7.66,50.5,41.3
7.07.2011,7.32,23.2,7.47,45.2,39.8
8.07.2011,7.03,22.1,7.47,78.8,37.5
9.07.2011,6.74,21.5,7.47,102,35.4
10.07.2011,6.45,20.4,7.29,101,35.4
11.07.2011,6.45,19.9,7.29,102,33.3
12.07.2011,6.2,19.4,7.1,102,32.6
13.07.2011,6.45,18.8,7.1,101,31.3
14.07.2011,6.74,21,7.29,102,34
15.07.2011,6.45,21.5,7.29,101,39.8
16.07.2011,6.45,19.9,7.47,99.4,36.8
17.07.2011,6.45,18.8,7.47,75.5,32
18.07.2011,6.2,18.8,7.47,53.5,33.3
19.07.2011,6.2,18.8,7.66,51.2,34
20.07.2011,7.9,18.8,7.66,52.6,36.1
21.07.2011,6.74,21,7.47,51.7,34
22.07.2011,6.45,18.8,7.84,51.3,33.3
23.07.2011,7.9,18.8,8.59,52,34.7
24.07.2011,7.03,20.4,8.4,50.5,28.9
25.07.2011,5.95,18.8,8.4,74.4,35.4
26.07.2011,5.7,17.3,7.84,51.4,30.7
27.07.2011,5.45,16.4,7.84,56.8,28.9
28.07.2011,5,15.5,7.84,55.2,28.3
29.07.2011,4.8,14.7,8.03,54.5,27.2
30.07.2011,4.02,14.3,7.84,52.2,24.5
31.07.2011,3.67,13.1,6.39,44,24
1.08.2011,3.5,12.4,6.55,82.8,22.4
2.08.2011,3.32,11.7,6.55,104,21.9
3.08.2011,3.32,11.4,6.55,104,21.4
4.08.2011,3.18,11,6.55,103,20.5
5.08.2011,3.18,10.7,6.55,102,20.1
6.08.2011,3.03,10.7,6.55,99.7,19.2
7.08.2011,2.89,10.3,6.55,98.6,20.1
8.08.2011,2.89,10,6.55,99.7,18.8
9.08.2011,2.74,10,6.73,102,18.8
10.08.2011,2.74,10,6.92,100,18.8
11.08.2011,2.74,9.71,6.92,101,17.9
12.08.2011,2.6,9.71,7.1,98.4,19.2
13.08.2011,3.67,9.71,7.1,51.2,18.8
14.08.2011,3.85,11.7,7.1,51.7,18.8
15.08.2011,3.5,11.7,7.29,51.2,19.2
16.08.2011,3.18,10.7,7.29,51.5,17.9
17.08.2011,3.03,10,7.1,52,19.6
18.08.2011,3.03,9.71,7.29,51.9,18.8
19.08.2011,2.74,9.42,7.29,52,19.2
20.08.2011,2.74,9.13,7.29,51.9,19.6
21.08.2011,2.74,9.13,7.29,51,19.2
22.08.2011,2.6,9.13,7.29,58.9,17.9
23.08.2011,2.6,8.84,7.29,104,13.6
24.08.2011,2.6,8.84,7.1,103,9.37
25.08.2011,2.46,8.55,7.29,103,20.1
26.08.2011,2.46,8.55,7.47,101,14.7
27.08.2011,2.6,8.55,7.47,52.9,14.1
28.08.2011,2.46,8.55,7.47,52.1,15.3
29.08.2011,2.46,8.55,7.47,51.8,15
30.08.2011,2.46,8.27,7.66,47.7,15.7
31.08.2011,2.46,8.27,7.84,56.1,15
1.09.2011,2.46,7.99,7.84,51,14.1
2.09.2011,2.32,7.99,7.66,52.4,14.1
3.09.2011,2.32,7.71,8.03,53.1,15.3
4.09.2011,2.32,7.99,9.16,52.4,14.7
5.09.2011,2.46,8.27,9.16,50.9,13.2
6.09.2011,2.18,8.27,7.29,56.1,9.7
7.09.2011,2.32,7.99,7.29,51.4,14.7
8.09.2011,2.46,7.71,6.92,53.4,14.7
9.09.2011,2.46,7.71,7.1,52.9,14.7
10.09.2011,2.32,7.99,7.1,53.6,14.1
11.09.2011,2.32,7.99,7.1,52.4,13.2
12.09.2011,2.32,7.99,7.1,83.4,13.2
13.09.2011,2.32,7.99,7.1,104,13.5
14.09.2011,2.32,7.71,7.1,105,13.5
15.09.2011,2.32,7.71,7.29,103,13.8
16.09.2011,2.32,7.71,7.29,103,13.8
17.09.2011,2.32,7.71,7.47,103,14.1
18.09.2011,2.32,7.71,7.66,101,13.8
19.09.2011,2.32,7.71,7.66,100,13.8
20.09.2011,2.32,7.71,7.66,104,14.1
21.09.2011,2.32,7.71,7.84,102,14.1
22.09.2011,2.32,7.71,7.66,104,14.4
23.09.2011,2.46,8.55,8.03,99.4,15.3
24.09.2011,2.6,9.42,8.4,67.6,16.5
25.09.2011,2.6,9.71,8.78,88,17.6
26.09.2011,2.6,9.42,8.59,103,17.6
27.09.2011,2.6,9.13,8.59,101,17.3
28.09.2011,2.6,8.84,8.59,99.3,17.3
29.09.2011,2.6,8.84,8.78,98.7,17.3
30.09.2011,2.6,8.84,8.97,62.7,17.6
1.10.2011,7.4,8.84,7.29,52.8,20.5
2.10.2011,7.4,8.84,6.92,51.1,19.6
3.10.2011,7.4,8.84,6.92,50.9,18
4.10.2011,7.4,8.84,6.92,83,18
5.10.2011,7.4,9.13,6.92,103,18
6.10.2011,7.4,9.13,7.29,86.7,18
7.10.2011,7.64,9.13,7.11,51.7,17.6
8.10.2011,7.64,8.84,7.29,85.5,18
9.10.2011,7.64,9.13,7.66,90.5,18.8
10.10.2011,7.64,9.13,8.03,84.5,19.2
11.10.2011,7.88,9.13,8.03,103,19.2
12.10.2011,7.88,9.13,6.55,98.8,20.1
13.10.2011,7.88,9.13,5.25,100,20.5
14.10.2011,7.88,9.42,4.79,91.7,20.1
15.10.2011,8.13,9.42,4.64,87.2,19.6
16.10.2011,8.13,9.71,4.64,46,20.1
17.10.2011,8.13,13.1,4.64,87,20.5
18.10.2011,8.13,11.4,4.64,87.1,20.5
19.10.2011,8.13,11,4.5,89.8,21.8
20.10.2011,8.13,10.3,4.64,87.8,21.8
21.10.2011,7.88,10.3,4.64,72.7,21.4
22.10.2011,7.88,10,4.64,88.2,14.1
23.10.2011,8.13,10,4.5,88,20.1
24.10.2011,8.13,9.71,4.5,86.1,20.9
25.10.2011,8.37,9.71,4.64,87.1,20.5
26.10.2011,8.37,9.71,4.64,86.2,20.5
27.10.2011,8.37,9.42,4.64,85.8,20.5
28.10.2011,8.37,9.42,4.64,45.3,20.5
29.10.2011,8.37,9.42,4.64,46.7,20.5
30.10.2011,8.37,9.42,4.64,57.4,20.5
31.10.2011,8.37,9.42,4.64,28.2,20.5
1.11.2011,8.37,9.42,4.64,85.7,20.5
2.11.2011,8.37,9.42,4.79,84.8,21.8
3.11.2011,8.13,10.3,4.79,86.8,16.9
4.11.2011,7.88,11.4,4.79,82.9,19.2
5.11.2011,7.88,11.4,4.79,85.8,19.6
6.11.2011,7.64,11,5.09,86.7,19.6
7.11.2011,7.64,10.7,5.09,86.6,19.2
8.11.2011,7.88,10.3,5.09,86,18.8
9.11.2011,7.88,10,5.09,87,18.8
10.11.2011,7.88,9.71,5.09,87,18.4
11.11.2011,8.13,10,5.25,87,18.4
12.11.2011,8.13,10,5.25,79.2,18.4
13.11.2011,8.13,10,5.25,73.6,18.4
14.11.2011,8.13,9.71,5.25,73.6,18.4
15.11.2011,8.37,9.71,5.58,89,18.4
16.11.2011,8.37,10.3,5.58,86,18.4
17.11.2011,8.37,10.7,4.79,87,18
18.11.2011,8.37,10.3,4.07,86,18.4
19.11.2011,8.13,10.3,3.93,45.2,18.4
20.11.2011,8.13,10.3,3.79,45.2,18.4
21.11.2011,8.13,10,3.64,85,17.6
22.11.2011,7.88,9.71,3.5,85,17.6
23.11.2011,7.88,9.71,3.5,88,18.8
24.11.2011,7.64,9.71,3.39,88,18.8
25.11.2011,7.88,9.42,3.27,86,18.8
26.11.2011,8.13,9.13,3.27,86,20.5
27.11.2011,8.37,8.55,3.27,86,21.8
28.11.2011,8.37,8.55,3.5,80.2,20.9
29.11.2011,8.61,9.42,3.5,51.3,20.5
30.11.2011,8.61,9.13,3.39,64.4,20.5
1.12.2011,8.61,8.84,3.39,83,20.5
2.12.2011,8.37,8.84,3.39,86,20.5
3.12.2011,8.37,8.55,3.5,85,20.1
4.12.2011,8.13,7.99,3.64,85,19.6
5.12.2011,8.13,7.99,3.64,89,19.6
6.12.2011,7.88,7.99,3.64,92,19.2
7.12.2011,7.88,8.27,3.5,85,19.2
8.12.2011,7.64,9.42,3.64,86,20.5
9.12.2011,7.64,9.71,3.79,86,20.5
10.12.2011,7.4,9.42,3.79,85,20.5
11.12.2011,7.4,8.84,3.64,86,20.5
12.12.2011,7.16,8.84,3.64,86,20.1
13.12.2011,6.92,8.55,3.5,86,20.1
14.12.2011,7.16,8.55,3.5,84,20.1
15.12.2011,7.16,8.55,3.39,85,19.6
16.12.2011,6.92,8.55,3.39,86,19.6
17.12.2011,5.99,9.13,3.5,84,20.1
18.12.2011,5.78,9.13,3.5,87,19.6
19.12.2011,5.36,8.84,3.5,84,20.1
20.12.2011,5.15,8.55,3.39,85,20.1
21.12.2011,5.15,8.27,3.5,86,20.1
22.12.2011,5.15,8.27,3.39,86,19.6
23.12.2011,5.15,8.27,3.39,86,19.6
24.12.2011,5.15,8.84,3.39,83,20.1
25.12.2011,5.15,9.13,3.39,85,20.1
26.12.2011,4.94,8.84,3.27,88,20.1
27.12.2011,4.73,8.55,3.27,86,19.6
28.12.2011,5.15,8.27,3.27,87,19.2
29.12.2011,5.36,7.99,3.27,86,19.6
30.12.2011,4.94,7.71,3.27,87,20.1
31.12.2011,4.94,7.99,3.27,84,20.1
1.01.2012,4.94,7.99,3.27,72.7,20.1
2.01.2012,4.94,8.55,3.39,86,20.1
3.01.2012,4.73,8.27,3.39,88,20.1
4.01.2012,4.52,7.99,3.27,84,20.1
5.01.2012,4.73,7.43,3.27,86,19.6
6.01.2012,4.73,7.71,3.27,87,19.6
7.01.2012,4.73,8.27,3.27,87,19.6
8.01.2012,4.73,8.27,3.39,67.6,19.6
9.01.2012,4.73,8.27,3.39,87,19.6
10.01.2012,4.73,8.27,3.5,90,19.6
11.01.2012,4.73,8.27,3.5,87,19.6
12.01.2012,4.73,8.27,3.5,89,19.6
13.01.2012,4.73,8.27,3.5,88,19.6
14.01.2012,4.73,8.27,3.5,87,19.6
15.01.2012,4.94,8.27,3.39,85,20.1
16.01.2012,5.15,9.13,3.5,88,19.6
17.01.2012,5.36,8.55,3.5,89,17.3
18.01.2012,5.57,7.99,3.5,93,13.8
19.01.2012,5.78,7.71,3.5,90,9.7
20.01.2012,5.78,7.15,3.5,91,13.8
21.01.2012,5.78,6.9,3.5,89,14.4
22.01.2012,5.78,6.65,3.5,87,13.8
23.01.2012,5.99,6.4,3.5,87,16.9
24.01.2012,5.99,5.9,3.64,88,18.4
25.01.2012,5.99,5.7,3.64,66,18.8
26.01.2012,5.99,5.5,3.93,45.2,18.8
27.01.2012,5.78,5.3,4.36,46,18.8
28.01.2012,5.78,5.1,4.5,87,18.8
29.01.2012,5.78,5.1,4.07,86,18.4
30.01.2012,5.78,4.9,4.07,87,20.5
31.01.2012,5.78,4.9,3.64,90,16.9
1.02.2012,5.78,4.72,3.64,89,14.7
2.02.2012,5.78,4.54,3.64,89,12.9
3.02.2012,5.57,5.5,3.64,91,11.8
4.02.2012,5.57,6.9,3.64,87,11.8
5.02.2012,5.57,6.9,3.39,86,13.8
6.02.2012,5.57,7.15,3.27,86,15.7
7.02.2012,5.57,7.43,3.27,46.7,17.6
8.02.2012,5.36,7.71,3.79,54.3,18.8
9.02.2012,5.36,7.99,4.5,43.7,20.1
10.02.2012,5.15,7.71,5.25,43,19.6
11.02.2012,5.15,7.43,4.93,40.8,18.8
12.02.2012,5.15,7.43,4.93,39.4,18
13.02.2012,5.15,7.43,4.93,38.1,16.9
14.02.2012,5.15,7.99,4.93,39.4,16.9
15.02.2012,5.15,9.42,5.25,40.8,20.1
16.02.2012,5.36,10,5.58,38.7,22.2
17.02.2012,5.36,10.7,6.06,40.8,24
18.02.2012,5.36,11,5.74,42.3,23.5
19.02.2012,5.36,10.7,5.58,38.1,22.2
20.02.2012,5.36,10.7,5.58,40.1,21.8
21.02.2012,5.36,10.7,5.58,45.2,20.1
22.02.2012,5.57,11,5.42,43.7,18.4
23.02.2012,5.57,11.4,5.25,44.5,17.6
24.02.2012,5.57,12.8,8.78,22,17.3
25.02.2012,5.57,12.1,16.2,21.5,19.6
26.02.2012,5.57,11,17,22,22.6
27.02.2012,5.57,11.7,17.5,21.5,26.2
28.02.2012,5.57,12.8,18.1,22.5,27.7
29.02.2012,5.36,17.8,18.4,29.5,72.4
1.03.2012,5.15,15.1,17.8,39.4,30
2.03.2012,4.73,15.5,18.1,58.9,31.2
3.03.2012,4.73,19.4,18.1,29.5,30.6
4.03.2012,5.99,20.4,17.8,22,30.6
5.03.2012,7.16,21,17.5,22,32.3
6.03.2012,10.1,21.5,17.5,22,33.5
7.03.2012,12.1,22.1,17.5,22,36.1
8.03.2012,15.7,22.1,17.8,26.8,34.1
9.03.2012,15.7,22.1,17.8,26.8,34.1
10.03.2012,16.1,21,18.1,11.2,34.1
11.03.2012,16.1,26,18.1,9.81,32.9
12.03.2012,16.8,27.7,18.4,8.05,34.1
13.03.2012,17.6,28.9,19,11.925,36.1
14.03.2012,18.1,30.8,20.3,15.8,40.1
15.03.2012,19.8,35.2,20.6,45.2,44.9
16.03.2012,19.4,37.8,20.9,31.8,53.8
17.03.2012,18.9,36.5,20.6,30.1,57.6
18.03.2012,18.9,35.2,20.3,30.1,56.7
19.03.2012,18.9,34.6,20,30.7,58.6
20.03.2012,20.2,34.6,20,33,57.6
21.03.2012,21.9,37.2,20,46.7,59.5
22.03.2012,26.2,42.7,20.3,46,63.7
23.03.2012,24.9,47.1,20,86,72.4
24.03.2012,23.6,47.8,13.4,86,78.4
25.03.2012,27.4,50.8,12.6,86,83.3
26.03.2012,31.6,63,12.4,86,91.1
27.03.2012,34.1,78.1,12.4,38.1,107
28.03.2012,30.7,78.1,12.1,38.1,119
29.03.2012,29.7,71.8,11.9,38.1,119
30.03.2012,29.7,71.8,11.9,38.1,113
31.03.2012,32.1,80.8,11.9,38.1,120
1.04.2012,33.1,89.8,11.7,38.1,131
2.04.2012,35.1,105,11.7,37.4,150
3.04.2012,36.5,137,11.5,37.4,181
4.04.2012,29.2,154,11.5,37.4,234
5.04.2012,40.6,171,11.5,38.1,267
6.04.2012,49.2,193,11.5,38.1,306
7.04.2012,61.3,228,11.5,38.1,358
8.04.2012,77.5,271,11.7,37.4,423
9.04.2012,85.9,265,11.7,37.4,546
10.04.2012,85,270,11.2,37.4,531
11.04.2012,85,246,11,37.4,496
12.04.2012,82.2,228,11,37.4,442
13.04.2012,80.3,196,11,37.4,392
14.04.2012,64.7,171,11,38.1,343
15.04.2012,59.8,171,10.8,38.1,311
16.04.2012,61.3,195,10.3,37.4,317
17.04.2012,66.3,195,10.3,37.4,337
18.04.2012,64.7,176,10.1,38.1,337
19.04.2012,59.8,169,10.5,37.4,306
20.04.2012,59,171,10.3,37.4,289
21.04.2012,58.2,153,10.1,37.4,289
22.04.2012,52.9,139,9.92,37.4,262
23.04.2012,50.6,135,9.92,37.4,241
24.04.2012,48.4,122,9.35,37.4,231
25.04.2012,45.5,111,8.78,38.1,214
26.04.2012,42.7,105,8.22,38.1,200
27.04.2012,37.9,97.9,5.9,37.4,188
28.04.2012,35.4,94.3,4.79,36.8,176
29.04.2012,34.8,93.4,3.5,36.8,166
30.04.2012,35.4,92.5,3.04,42.3,162
1.05.2012,34.8,88.9,2.82,49.7,158
2.05.2012,33.5,84.4,6.92,49,151
3.05.2012,32.3,82.6,7.29,49,147
4.05.2012,31.7,91.6,8.4,47.5,149
5.05.2012,33.5,94.3,8.97,49,156
6.05.2012,37.2,99.7,13.1,49,162
7.05.2012,42.7,108,11.7,49,169
8.05.2012,42,98.8,11.2,49.7,171
9.05.2012,39.2,88.9,10.8,49.7,160
10.05.2012,37.2,83.5,7.48,49.7,147
11.05.2012,35.8,79,6.39,48.2,139
12.05.2012,34.6,76.3,5.74,47.5,133
13.05.2012,33.6,72.7,5.74,50.5,129
14.05.2012,32.6,71.8,6.06,47.5,135
15.05.2012,31.1,67.4,9.54,46,127
16.05.2012,30.2,60.4,12.1,43.7,123
17.05.2012,28.7,57,12.6,44.5,118
18.05.2012,28.7,54.7,12.1,43.7,110
19.05.2012,27.4,51.6,12.1,43,105
20.05.2012,26.2,56.2,11.7,43.7,102
21.05.2012,26.2,65.6,11,47.5,114
22.05.2012,28.1,61.3,11,44.5,143
23.05.2012,25.5,55.4,10.8,44.5,133
24.05.2012,24.9,56.2,11,43.7,121
25.05.2012,24.9,54.7,11,43.7,118
26.05.2012,24.9,58.7,11.7,44.5,116
27.05.2012,25.5,55.4,11.5,43.7,114
28.05.2012,24.3,52.3,11.2,43,114
29.05.2012,23.6,50.8,11.9,44.2,109
30.05.2012,23.6,50.8,11.7,44.2,110
31.05.2012,24.3,49.3,12.1,43.6,109
1.06.2012,23,47.1,12.9,44.2,105
2.06.2012,21.9,46.3,12.9,72.5,102
3.06.2012,23.6,44.2,12.6,82.7,95.4
4.06.2012,21.5,40.6,11.9,68.5,92.2
5.06.2012,20.7,39.2,12.4,85.3,86.2
6.06.2012,20.2,37.8,11.9,84.7,83.4
7.06.2012,19.4,35.9,11.7,82.4,79.2
8.06.2012,19.4,40.6,11.5,83.3,77.8
9.06.2012,20.2,39.2,11.5,81.4,79.2
10.06.2012,19.4,35.2,11.2,82.8,76.4
11.06.2012,18.5,33.3,10.8,85.1,71.4
12.06.2012,18.5,31.4,9.35,84.2,67.8
13.06.2012,18.5,29.5,8.59,84.2,61.9
14.06.2012,18.1,28.3,8.22,64.2,56.1
15.06.2012,18.1,27.2,8.22,83.2,53.8
16.06.2012,18.1,26,6.92,84.2,51.5
17.06.2012,17.6,24.9,6.55,82,47.5
18.06.2012,16.8,24.3,6.39,83.2,45.5
19.06.2012,16.1,23.8,5.9,82.3,43.5
20.06.2012,15,23.2,5.74,84.3,40.7
21.06.2012,14.2,22.1,5.58,82.4,39.1
22.06.2012,14.2,22.6,5.58,84.5,40.7
23.06.2012,14.2,23.2,5.58,82.7,41.5
24.06.2012,14.2,23.2,5.74,82.7,43.5
25.06.2012,14.2,22.6,5.74,78.9,44.5
26.06.2012,13.8,22.6,5.74,61,44.5
27.06.2012,13.8,22.6,5.74,81.5,39.1
28.06.2012,13.8,21,6.06,83.2,38.3
29.06.2012,13.8,20.4,6.06,80.3,35.1
30.06.2012,13.5,19.9,6.06,83.5,33.5
1.07.2012,13.5,18.8,5.9,82.9,32.1
2.07.2012,13.1,18.8,6.06,83.5,30.6
3.07.2012,13.1,20.4,6.55,83.5,35.1
4.07.2012,13.1,21,6.55,85.7,39.1
5.07.2012,13.5,20.4,6.39,104,38.3
6.07.2012,13.5,19.4,6.23,53.3,35.1
7.07.2012,13.1,18.8,6.06,53,34.3
8.07.2012,13.1,17.8,6.06,50.2,32.1
9.07.2012,12.7,17.8,6.06,48.1,32.1
10.07.2012,12.7,17.3,6.23,45.9,29.9
11.07.2012,13.1,16.9,6.23,52.7,30.6
12.07.2012,12.4,16.4,6.23,52.7,27
13.07.2012,11.7,16,6.23,52.7,25.7
14.07.2012,11.4,15.1,6.06,52.7,24.5
15.07.2012,11.7,14.7,6.06,50.4,23.3
16.07.2012,11.4,14.3,6.06,49.6,21.5
17.07.2012,11.4,13.9,6.06,43.2,20.3
18.07.2012,11.1,13.5,5.9,42.4,19.4
19.07.2012,11.1,13.5,6.74,43.9,19.4
20.07.2012,11.1,13.1,6.74,44.3,18.5
21.07.2012,11.1,13.1,6.74,45.8,19
22.07.2012,11.1,12.8,6.55,44.9,18.5
23.07.2012,10.7,12.8,6.23,44.7,17.2
24.07.2012,10.7,12.4,6.23,49.7,16.3
25.07.2012,11.1,12.4,6.23,47.5,15.8
26.07.2012,10.7,12.1,5.9,46.9,14.5
27.07.2012,10.4,12.1,5.25,44.7,14.5
28.07.2012,10.4,11.4,5.09,45.5,13.7
29.07.2012,10.4,11.4,5.09,53.8,13.2
30.07.2012,8.85,11,5.09,84.6,12.4
31.07.2012,8.13,10,5.58,50.4,13.2
1.08.2012,7.64,9.71,5.74,50.5,13.7
2.08.2012,7.4,9.42,5.9,46,12.4
3.08.2012,7.4,9.13,6.74,85.6,10.9
4.08.2012,6.92,8.84,6.92,86.7,12.4
5.08.2012,6.92,8.55,8.22,84.6,10.2
6.08.2012,6.92,8.27,8.4,82.6,11.9
7.08.2012,6.92,8.27,8.22,83.6,9.93
8.08.2012,7.16,8.55,7.29,86.4,9.93
9.08.2012,6.92,8.55,6.39,85.7,10.9
10.08.2012,6.2,8.55,6.39,84.8,9.93
11.08.2012,5.99,8.27,6.39,85.1,9.93
12.08.2012,5.78,7.71,6.06,84.9,10.9
13.08.2012,5.57,7.71,5.9,83,10.6
14.08.2012,5.36,7.43,5.9,82,13.7
15.08.2012,5.15,7.15,5.74,82.9,13.2
16.08.2012,5.78,7.15,5.74,84.9,15.8
17.08.2012,5.78,7.15,5.74,86,16.3
18.08.2012,5.99,7.15,5.9,84.6,16.3
19.08.2012,5.99,7.43,6.39,83.1,16.7
20.08.2012,5.99,7.43,6.55,81.3,17.6
21.08.2012,6.2,7.43,6.55,82.9,18.1
22.08.2012,6.2,7.43,6.39,84.2,18.1
23.08.2012,6.2,7.15,6.23,85.9,17.2
24.08.2012,5.99,7.15,6.23,86,16.3
25.08.2012,5.99,6.9,6.06,87,15.8
26.08.2012,5.99,6.9,6.06,88.1,15.8
27.08.2012,5.78,6.9,6.06,101,15.8
28.08.2012,5.57,6.65,6.23,103,16.3
29.08.2012,5.57,6.4,6.39,103,15.4
30.08.2012,5.78,6.4,6.23,104,14.9
31.08.2012,5.78,6.65,6.39,98.2,14.9
1.09.2012,5.78,6.65,6.23,99.3,14.9
2.09.2012,5.78,6.9,6.23,85.1,14.9
3.09.2012,5.99,6.65,6.39,84.5,14.5
4.09.2012,5.99,6.9,6.39,88.1,14.9
5.09.2012,5.99,6.9,6.55,96.3,15.8
6.09.2012,5.99,6.9,6.74,105,16.7
7.09.2012,5.78,6.65,6.55,104,18.5
8.09.2012,5.78,6.65,6.39,54.9,16.7
9.09.2012,5.78,6.65,6.55,53.3,16.3
10.09.2012,5.78,6.65,6.55,54.2,16.3
11.09.2012,5.78,6.65,6.55,54.3,16.3
12.09.2012,5.78,6.9,6.74,54.8,16.7
13.09.2012,5.99,6.9,6.74,54.6,16.3
14.09.2012,5.99,6.9,6.74,54.6,16.3
15.09.2012,5.78,6.65,6.74,47.8,17.2
16.09.2012,5.78,6.65,6.55,48.7,16.3
17.09.2012,5.78,6.65,6.55,48.8,15.4
18.09.2012,5.78,6.65,6.74,48,14.9
19.09.2012,5.78,6.65,6.92,50.3,14.9
20.09.2012,5.78,7.15,6.74,48.9,15.4
21.09.2012,5.78,7.43,6.92,49.6,15.4
22.09.2012,5.99,7.43,7.48,49.5,15.8
23.09.2012,5.99,7.43,7.29,49,16.3
24.09.2012,6.44,6.4,6.92,49.9,16.7
25.09.2012,6.44,7.43,7.29,92.8,16.7
26.09.2012,6.2,7.43,6.92,93,16.7
27.09.2012,5.36,7.43,6.92,90,16.7
28.09.2012,4.94,6.9,6.23,36.5,16.7
29.09.2012,4.73,6.65,5.25,48.3,16.7
30.09.2012,4.52,6.4,4.79,48,17.2
1.10.2012,4.52,6.62,4.79,45.2,14.1
2.10.2012,4.73,6.32,4.79,46.7,14.5
3.10.2012,4.1,6.32,4.79,50.5,14.9
4.10.2012,1.38,6.32,3.25,49,14.9
5.10.2012,1.7,6.32,2.14,49.7,15.8
6.10.2012,1.81,6.62,1.76,48.2,16.3
7.10.2012,1.81,6.62,1.85,49,16.3
8.10.2012,1.81,6.93,2.23,49,16.7
9.10.2012,1.81,7.23,3.89,49.7,17.2
10.10.2012,1.81,7.85,4.31,55.8,17.2
11.10.2012,1.92,7.85,4.45,50.5,19.4
12.10.2012,2.04,9.07,5.01,49.7,20.3
13.10.2012,2.15,8.76,5.31,50.5,20.9
14.10.2012,2.26,8.46,5.46,49,19.4
15.10.2012,2.15,8.76,5.61,49,19
16.10.2012,2.04,8.15,5.46,49.7,19
17.10.2012,1.92,7.85,4.73,51.3,19
18.10.2012,1.92,7.85,4.03,75.4,18.5
19.10.2012,1.81,7.54,4.03,48.2,17.6
20.10.2012,1.81,7.54,4.17,49,17.6
21.10.2012,1.81,7.54,4.45,48.2,18.5
22.10.2012,1.81,7.54,5.61,49,19.4
23.10.2012,1.81,7.23,4.73,48.2,18.5
24.10.2012,1.81,7.23,3.61,47.5,18.1
25.10.2012,1.81,7.54,3.02,31.8,18.1
26.10.2012,1.92,7.54,3.02,31.8,18.1
27.10.2012,1.92,7.54,3.13,32.4,18.1
28.10.2012,1.92,7.54,3.02,30.1,18.1
29.10.2012,1.92,7.54,2.9,32.4,17.2
30.10.2012,1.92,7.54,2.9,49,17.6
31.10.2012,1.92,7.54,2.9,49,18.5
1.11.2012,1.92,8.15,2.9,48.2,18.1
2.11.2012,2.04,7.85,2.9,48.2,18.5
3.11.2012,2.04,7.85,2.9,49,19.4
4.11.2012,1.92,7.85,2.9,49,18.5
5.11.2012,1.7,7.85,2.9,49,18.5
6.11.2012,1.81,7.85,2.9,49.7,15.8
7.11.2012,1.81,7.85,2.9,49,13.7
8.11.2012,1.81,7.85,3.25,48.2,22.1
9.11.2012,1.81,11.3,3.25,49,20.3
10.11.2012,1.92,14.8,3.25,48.2,22.7
11.11.2012,1.92,28.7,3.25,19,21.5
12.11.2012,1.92,42.2,3.37,52,33.5
13.11.2012,1.92,34.1,3.49,49.7,52.7
14.11.2012,1.92,26.8,3.61,48.2,38.3
15.11.2012,1.92,22.5,3.49,30.7,40.7
16.11.2012,1.92,19.3,3.49,49,36.7
17.11.2012,1.92,17.7,3.49,49,30.6
18.11.2012,1.92,16.2,3.49,29,27
19.11.2012,1.92,15.3,3.49,49.7,25.1
20.11.2012,1.92,14.3,3.49,54.3,24.5
21.11.2012,1.92,13.3,3.49,49,23.3
22.11.2012,1.92,12.8,3.49,48.2,22.1
23.11.2012,1.92,13.3,3.49,35.5,22.1
24.11.2012,1.92,14.3,3.49,27.3,22.1
25.11.2012,1.81,15.3,3.49,27.3,22.7
26.11.2012,1.81,15.3,3.37,27.9,22.1
27.11.2012,1.81,15.3,3.49,50.5,23.3
28.11.2012,1.81,14.8,3.49,49.7,22.7
29.11.2012,1.81,14.3,3.37,48.2,23.3
30.11.2012,1.81,13.8,3.49,24.1,22.7
1.12.2012,2.04,13.8,3.37,49.7,22.7
2.12.2012,2.15,13.3,3.37,49.7,21.5
3.12.2012,2.15,13.3,3.37,49.7,22.1
4.12.2012,2.26,16.7,3.49,49,23.9
5.12.2012,2.26,23.6,3.61,49.7,24.5
6.12.2012,2.26,33.4,3.75,66,28.5
7.12.2012,2.37,30,3.89,49.7,36.7
8.12.2012,2.37,29.3,4.03,49,36.7
9.12.2012,2.49,28,4.03,49.7,35.9
10.12.2012,2.49,26.8,4.17,50.5,36.7
11.12.2012,2.6,26.8,4.31,49.7,35.9
12.12.2012,2.76,26.8,4.17,50.5,36.7
13.12.2012,2.92,27.4,4.03,27.3,42.5
14.12.2012,3.23,26.2,4.17,27.3,46.5
15.12.2012,3.39,25.5,4.45,26.8,47.5
16.12.2012,3.39,24.9,4.17,26.8,46.5
17.12.2012,3.39,21.9,4.03,27.3,45.5
18.12.2012,3.39,23.6,4.17,26.2,44.5
19.12.2012,3.71,25.5,4.73,24.1,47.5
20.12.2012,3.23,24.3,5.01,26.8,49.5
21.12.2012,4.18,26.8,5.16,49,49.5
22.12.2012,4.4,29.3,5.16,29.5,50.5
23.12.2012,4.83,32,5.16,27.3,57.3
24.12.2012,6.12,38.8,5.16,49.7,60.7
25.12.2012,6.61,51.8,5.31,48.2,67.8
26.12.2012,6.33,46.1,5.31,51.3,79.2
27.12.2012,5.9,42.2,5.46,51.3,79.2
28.12.2012,5.9,40.2,5.46,52.8,72.6
29.12.2012,5.69,38.8,5.46,32.4,69
30.12.2012,5.69,36.8,5.31,24.6,66.6
31.12.2012,5.26,35.4,5.16,24.1,64.2
1.01.2013,4.61,33.4,5.16,28.4,61.9
2.01.2013,4.61,31.3,5.01,27.3,59.6
3.01.2013,4.61,30,5.01,29,57.3
4.01.2013,4.61,29.3,4.87,29,56.1
5.01.2013,4.83,29.3,4.59,29,56.1
6.01.2013,4.61,30,4.59,29.5,55
7.01.2013,4.61,29.3,4.73,52,55
8.01.2013,4.02,28,4.73,52,53.8
9.01.2013,3.86,25.5,4.45,51.3,51.5
10.01.2013,4.02,25.5,4.45,53.5,50.5
11.01.2013,4.02,26.8,4.45,51.3,48.5
12.01.2013,4.02,28,4.45,27.9,48.5
13.01.2013,4.18,28,4.31,26.8,48.5
14.01.2013,4.02,26.8,4.59,48.2,49.5
15.01.2013,3.86,26.2,4.59,52,49.5
16.01.2013,3.39,24.9,4.59,29,48.5
17.01.2013,4.18,24.9,4.87,51.3,48.5
18.01.2013,4.02,25.5,4.73,47.5,47.5
19.01.2013,3.86,24.9,4.73,25.7,48.5
20.01.2013,3.86,24.3,5.01,25.7,48.5
21.01.2013,3.86,25.5,5.31,27.9,47.5
22.01.2013,3.86,27.4,5.46,50.5,48.5
23.01.2013,4.02,32,5.31,51.3,49.5
24.01.2013,4.83,38.1,5.31,49,52.7
25.01.2013,5.69,43.7,5.31,52,65.4
26.01.2013,6.33,51.8,5.16,29,73.8
27.01.2013,7.17,59.2,5.16,29,83.4
28.01.2013,8.86,66,5.16,26.2,97
29.01.2013,8.86,66,5.16,25.7,105
30.01.2013,8.3,63.5,5.16,49,109
31.01.2013,8.02,59.2,5.46,34.2,105
1.02.2013,7.74,56.7,5.46,27.9,100
2.02.2013,6.89,53.5,5.46,26.2,95.4
3.02.2013,6.89,50.2,5.31,25.7,90.6
4.02.2013,6.61,47.8,5.31,25.7,87.6
5.02.2013,6.89,47.8,5.16,26.8,84.8
6.02.2013,7.45,50.2,5.16,48.2,84.8
7.02.2013,7.74,54.3,5.16,46,87.6
8.02.2013,8.02,55.9,5.16,46.7,92.2
9.02.2013,8.86,61.8,5.16,23,97
10.02.2013,10.9,73,5.16,28.4,102
11.02.2013,12.3,83.7,5.16,46.7,118
12.02.2013,12.3,87.3,5.46,46.7,129
13.02.2013,11.6,82.8,5.61,47.5,135
14.02.2013,10.9,76.5,5.61,46.7,133
15.02.2013,10.9,73.9,5.9,47.5,127
16.02.2013,10.2,73.9,5.9,26.2,121
17.02.2013,9.83,70.3,5.9,26.2,119
18.02.2013,9.14,67.7,5.76,46.7,118
19.02.2013,8.58,65.2,5.9,47.5,114
20.02.2013,8.3,62.6,6.05,48.2,112
21.02.2013,8.3,61.8,6.2,48.2,107
22.02.2013,7.74,59.2,6.5,47.5,107
23.02.2013,7.74,59.2,6.5,26.2,103
24.02.2013,8.3,61.8,6.69,25.1,107
25.02.2013,10.9,71.2,6.88,46.7,112
26.02.2013,12.3,76.5,6.88,46.7,125
27.02.2013,14.7,81.9,7.07,46.7,137
28.02.2013,20.8,98.3,7.07,34.2,145
1.03.2013,19,119,7.07,46.7,160
2.03.2013,16.3,102,7.07,25.7,178
3.03.2013,14.2,90.9,7.07,25.1,169
4.03.2013,13.4,86.4,6.88,25.1,158
5.03.2013,13,86.4,6.88,46.7,151
6.03.2013,11.9,79.2,6.88,47.5,147
7.03.2013,11.2,74.7,6.88,46,139
8.03.2013,10.9,72.1,6.88,25.1,135
9.03.2013,10.5,69.5,6.88,25.1,129
10.03.2013,10.2,67.7,6.69,24.6,127
11.03.2013,11.2,70.3,6.69,24.6,129
12.03.2013,18.1,91.8,6.5,45.2,139
13.03.2013,58.2,149,6.5,46,178
14.03.2013,67.2,187,6.5,45.2,231
15.03.2013,72.3,194,6.69,25.7,297
16.03.2013,108,221,6.69,26.2,295
17.03.2013,131,244,6.69,26.2,320
18.03.2013,112,196,6.69,25.7,340
19.03.2013,101,145,6.69,46.7,303
20.03.2013,94.5,121,6.69,46.7,239
21.03.2013,97.3,112,6.69,46,210
22.03.2013,101,118,6.69,25.7,195
23.03.2013,102,126,6.2,26.2,195
24.03.2013,96.4,129,6.35,25.7,200
25.03.2013,92.6,113,6.88,25.1,200
26.03.2013,68.9,106,6.88,25.1,188
27.03.2013,49.2,104,6.88,25.1,176
28.03.2013,52.9,110,6.88,25.1,174
29.03.2013,58.2,133,6.88,46.7,183
30.03.2013,56.7,138,6.88,27.3,205
31.03.2013,59,129,6.69,29,219
1.04.2013,65.5,134,6.88,49,210
2.04.2013,81.2,152,6.69,25.7,207
3.04.2013,85,177,6.5,26.2,226
4.04.2013,78.4,160,6.35,25.7,249
5.04.2013,79.3,155,6.35,26.2,236
6.04.2013,74.9,150,6.2,75.4,229
7.04.2013,69.7,137,5.9,95,222
8.04.2013,69.7,132,5.61,90,207
9.04.2013,68.9,133,5.46,45.2,198
10.04.2013,63.8,124,5.31,46,198
11.04.2013,61.3,115,5.01,72.7,188
12.04.2013,52.1,110,4.73,103,181
13.04.2013,51.4,98.3,4.31,107,174
14.04.2013,51.4,96.4,4.03,107,160
15.04.2013,49.9,92.7,3.75,108,156
16.04.2013,45.8,101,4.03,111,154
17.04.2013,63.8,143,5.01,110,162
18.04.2013,61.2,159,5.76,110,207
19.04.2013,54.4,137,5.9,110,234
20.04.2013,52.7,129,5.76,110,217
21.04.2013,54.4,131,5.76,108,210
22.04.2013,51.2,129,5.76,110,207
23.04.2013,48.1,117,6.05,110,202
24.04.2013,45,109,7.07,82.1,188
25.04.2013,43.6,103,6.69,108,178
26.04.2013,42.9,99.3,6.2,110,169
27.04.2013,42.2,97.4,5.76,108,162
28.04.2013,41.5,94.5,5.01,106,158
29.04.2013,41.5,92.7,4.31,106,154
30.04.2013,40.8,91.8,3.61,107,149
1.05.2013,34.8,90,3.25,107,145
2.05.2013,30.9,82.8,2.54,107,145
3.05.2013,29.8,78.3,2.33,107,141
4.05.2013,28,74.7,3.49,106,133
5.05.2013,27.4,72.1,3.89,105,127
6.05.2013,26.3,69.5,3.89,106,121
7.05.2013,29.8,67.7,4.03,106,118
8.05.2013,30.3,70.3,4.31,107,112
9.05.2013,26.3,69.5,4.03,105,112
10.05.2013,22.9,63.5,5.61,55.1,112
11.05.2013,26.3,65.2,7.45,55.8,110
12.05.2013,27.4,75.6,8.02,107,110
13.05.2013,28,79.2,8.84,107,116
14.05.2013,28.6,79.2,10.9,107,119
15.05.2013,28.6,75.6,8.21,107,118
16.05.2013,28,72.1,7.07,107,116
17.05.2013,27.4,69.5,7.07,107,114
18.05.2013,27.4,66.9,7.26,106,109
19.05.2013,28.6,67.7,7.07,106,105
20.05.2013,26.9,66.9,6.5,106,105
21.05.2013,26.3,61.8,6.69,106,105
22.05.2013,25.1,61.8,6.5,106,100
23.05.2013,24,58.4,6.2,106,97
24.05.2013,23.4,54.3,6.05,107,95.4
25.05.2013,22.9,52.6,6.2,107,89
26.05.2013,22.3,51,6.05,105,86.2
27.05.2013,21.7,49.4,5.76,106,80.6
28.05.2013,21.1,47,5.76,83,79.2
29.05.2013,20,46.1,4.59,85,76.4
30.05.2013,19.1,44.5,4.59,86,73.8
31.05.2013,18.6,43.7,4.31,84,71.4
1.06.2013,18.1,42.2,4.03,80.2,69
2.06.2013,17.7,40.2,3.89,80.2,67.8
3.06.2013,17.7,39.5,3.89,95,64.2
4.06.2013,17.2,38.1,3.49,93,60.7
5.06.2013,17.2,37.5,3.49,82.1,59.6
6.06.2013,17.2,36.8,5.01,85,59.6
7.06.2013,17.2,36.1,6.05,91,58.4
8.06.2013,17.2,36.1,6.05,95,59.6
9.06.2013,16.7,35.4,5.76,80.2,59.6
10.06.2013,17.7,37.5,5.76,83,60.7
11.06.2013,16.7,40.2,5.46,83,58.4
12.06.2013,16.2,36.8,5.31,86,58.4
13.06.2013,15.8,34.7,5.16,84,55
14.06.2013,15.3,32.7,5.01,85,51.5
15.06.2013,14.9,32,5.01,85,50.5
16.06.2013,14.9,30.7,4.87,82.1,48.5
17.06.2013,14.9,30,4.87,83,48.5
18.06.2013,14.9,29.3,4.87,83,46.5
19.06.2013,14.9,29.3,4.87,83,44.5
20.06.2013,11.8,29.3,4.87,44.5,43.5
21.06.2013,9.54,28,4.87,46,42.5
22.06.2013,7.56,26.2,4.73,45.2,41.5
23.06.2013,6.94,23.6,4.59,85,39.9
24.06.2013,6.94,22.5,4.59,91,37.5
25.06.2013,6.32,21.4,4.45,97,35.9
26.06.2013,6.01,20.9,4.45,93,33.5
27.06.2013,5.7,19.8,4.31,96,31.3
28.06.2013,5.3,18.8,4.31,88,29.9
29.06.2013,4.3,18.2,4.17,49,29.2
30.06.2013,3.9,17.2,4.31,77.3,27.7
1.07.2013,3.7,16.2,4.31,100,27
2.07.2013,3.51,14.8,5.46,71.9,25.7
3.07.2013,3.51,13.8,6.05,95,23.9
4.07.2013,3.51,13.3,6.05,93,23.3
5.07.2013,3.51,12.8,6.05,92,22.7
6.07.2013,3.32,12.1,6.2,44.5,22.1
7.07.2013,3.32,12.1,6.2,43.7,21.5
8.07.2013,3.13,11.7,6.05,85,20.3
9.07.2013,3.13,10.9,6.2,84,19.9
10.07.2013,2.94,10.6,6.35,88,19.4
11.07.2013,2.94,10.6,6.35,87,18.5
12.07.2013,2.75,10.2,6.35,86,18.5
13.07.2013,2.75,9.82,6.05,48.2,18.1
14.07.2013,2.75,9.82,6.05,85,18.1
15.07.2013,2.6,9.82,6.2,86,18.1
16.07.2013,2.6,9.44,6.88,103,18.1
17.07.2013,2.45,9.07,7.07,90,16.7
18.07.2013,2.45,9.07,6.5,92,14.9
19.07.2013,2.45,9.07,6.5,90,18.5
20.07.2013,2.45,8.76,6.35,84,17.2
21.07.2013,2.6,8.76,6.2,44.5,18.1
22.07.2013,2.6,8.76,6.35,90,22.1
23.07.2013,2.6,8.76,6.5,93,19
24.07.2013,2.6,8.76,6.5,95,18.1
25.07.2013,2.45,8.46,7.45,97,17.6
26.07.2013,2.45,8.46,7.83,107,17.2
27.07.2013,2.45,8.15,7.45,53.5,17.2
28.07.2013,2.45,8.15,7.26,53.5,8.98
29.07.2013,2.45,8.15,7.07,53.5,5.8
30.07.2013,2.45,8.15,7.07,53.5,11.5
31.07.2013,2.3,8.15,7.07,49,13.2
1.08.2013,2.3,7.85,7.45,81.1,10.2
2.08.2013,2.15,7.85,7.64,102,10.2
3.08.2013,2.15,7.85,7.26,100,11.2
4.08.2013,2.15,7.54,6.35,85,14.9
5.08.2013,2.15,7.54,6.5,99,19.4
6.08.2013,2.15,7.54,6.69,100,11.9
7.08.2013,2.15,7.54,6.88,82.1,14.9
8.08.2013,2,7.54,7.26,45.2,15.4
9.08.2013,2,7.54,7.26,43.7,14.9
10.08.2013,2,7.54,7.26,44.5,13.2
11.08.2013,2,7.54,7.45,45.2,13.2
12.08.2013,2,7.54,7.45,104,12.4
13.08.2013,1.88,7.23,8.84,101,6.31
14.08.2013,1.88,6.93,8.84,100,4.32
15.08.2013,1.88,6.93,8.4,100,4.32
16.08.2013,1.77,6.62,6.69,98,4.88
17.08.2013,1.88,6.62,6.69,50.5,3.66
18.08.2013,1.77,6.62,6.69,44.5,3.52
19.08.2013,1.77,6.62,6.69,85,3.52
20.08.2013,1.77,6.62,6.88,100,3.37
21.08.2013,1.77,6.62,6.88,101,3.37
22.08.2013,1.77,6.62,6.88,101,3.52
23.08.2013,1.77,6.62,6.88,99,3.81
24.08.2013,1.65,6.62,6.88,52.8,3.95
25.08.2013,1.65,6.32,6.69,46.7,7.59
26.08.2013,1.65,6.32,6.88,52.8,7.08
27.08.2013,1.65,6.32,6.88,104,11.5
28.08.2013,1.65,6.32,6.69,106,4.14
29.08.2013,1.65,6.32,6.88,74.5,4.51
30.08.2013,1.65,6.32,6.2,37.4,4.88
31.08.2013,1.65,6.32,5.76,25.7,4.14
1.09.2013,1.65,6.01,5.76,87,7.08
2.09.2013,1.65,6.01,5.76,101,7.84
3.09.2013,1.65,6.32,5.61,55.1,6.82
4.09.2013,1.65,6.32,5.61,53.5,8.67
5.09.2013,1.77,6.62,5.61,53.5,13.2
6.09.2013,1.77,6.62,5.61,54.3,9.61
7.09.2013,1.77,6.93,5.46,53.5,8.1
8.09.2013,1.77,6.62,5.31,46,8.98
9.09.2013,1.77,6.93,5.31,53.5,8.98
10.09.2013,1.77,6.62,5.31,55.1,8.67
11.09.2013,1.77,6.62,5.31,54.3,8.98
12.09.2013,1.65,6.62,5.31,54.3,8.98
13.09.2013,1.65,6.62,5.31,55.1,8.67
14.09.2013,1.65,6.32,5.16,53.5,8.67
15.09.2013,1.65,6.62,5.16,44.5,8.35
16.09.2013,1.65,6.62,5.31,44.5,8.35
17.09.2013,1.77,6.32,5.31,55.1,10.2
18.09.2013,2,7.23,5.31,54.3,10.9
19.09.2013,2.15,7.23,5.31,54.3,9.3
20.09.2013,2.45,8.46,5.31,84,7.84
21.09.2013,3.13,14.8,5.61,100,6.31
22.09.2013,2.94,10.6,6.05,88,5.43
23.09.2013,2.6,10.2,6.5,100,5.8
24.09.2013,2.45,9.82,6.35,84,7.33
25.09.2013,2.3,9.44,6.2,98,7.08
26.09.2013,2.15,9.07,6.2,60.4,7.33
27.09.2013,2.15,8.46,6.2,77.3,5.25
28.09.2013,2,8.15,6.2,99,4.88
29.09.2013,2,8.15,5.46,52,4.51
30.09.2013,1.88,8.15,5.61,53.5,4.88
1.10.2013,1.54,6.93,5.76,33.6,1.34
2.10.2013,1.42,6.62,5.76,40.1,1.39
3.10.2013,1.54,6.62,3.02,39.4,1.45
4.10.2013,2.15,6.62,1.95,39.4,1.44
5.10.2013,2,6.62,1.85,37.4,1.44
6.10.2013,1.88,6.62,1.76,40.8,1.43
7.10.2013,1.65,6.93,1.66,40.1,1.55
8.10.2013,1.65,7.23,1.66,42.3,1.53
9.10.2013,1.54,7.85,1.66,44.5,7.86
10.10.2013,1.42,8.15,1.57,36.1,7.86
11.10.2013,1.42,9.07,1.76,40.8,7.86
12.10.2013,1.34,9.07,1.57,33.6,20
13.10.2013,1.25,8.76,1.47,34.2,20.7
14.10.2013,1.25,9.07,1.76,34.2,22.2
15.10.2013,1.25,8.46,1.76,34.9,20.7
16.10.2013,1.25,8.15,1.76,36.8,20.7
17.10.2013,1.25,7.85,1.66,36.8,20.7
18.10.2013,1.25,7.85,1.66,38.1,20
19.10.2013,1.34,7.85,1.66,39.4,20.7
20.10.2013,1.54,7.54,1.66,40.1,18.5
21.10.2013,1.77,7.54,1.66,41.6,19.2
22.10.2013,1.65,7.85,1.66,41.6,19.2
23.10.2013,1.54,7.54,1.66,40.1,20.7
24.10.2013,1.54,7.54,1.66,40.1,16.4
25.10.2013,1.54,7.85,1.47,40.1,12.8
26.10.2013,1.42,7.85,1.47,37.4,14.6
27.10.2013,1.34,7.85,1.33,40.1,12.8
28.10.2013,1.34,7.54,1.18,33.6,13.4
29.10.2013,1.34,7.85,1.33,32.4,14.6
30.10.2013,1.34,7.85,1.33,32.4,15.2
31.10.2013,1.25,7.85,1.33,52.8,13.4
1.11.2013,1.25,7.23,1.18,41.6,15.2
2.11.2013,1.25,7.54,1.18,40.1,13.4
3.11.2013,1.25,7.23,1.18,36.1,12.8
4.11.2013,1.25,7.23,0.963,39.4,14
5.11.2013,1.25,7.23,1.04,39.4,19.2
6.11.2013,1.25,7.23,1.04,40.1,18.5
7.11.2013,1.25,7.23,0.963,38.7,20
8.11.2013,1.25,7.54,0.963,39.4,19.2
9.11.2013,1.25,7.54,0.963,38.1,18.5
10.11.2013,1.25,7.54,0.963,37.4,18.5
11.11.2013,1.25,7.23,0.963,39.4,20
12.11.2013,1.25,7.23,0.963,38.7,20
13.11.2013,1.25,7.23,0.963,39.4,20
14.11.2013,1.25,7.23,0.963,39.4,20
15.11.2013,1.25,7.23,0.963,91,15.8
16.11.2013,1.17,7.54,1.11,94,11
17.11.2013,1.17,7.23,1.11,82.1,10.6
18.11.2013,1.17,7.23,1.33,93,11.6
19.11.2013,1.17,6.93,1.33,97,11.6
20.11.2013,1.17,5.32,1.33,95,9.21
21.11.2013,1.17,6.62,1.33,95,13.4
22.11.2013,1.17,6.62,1.66,94,14.6
23.11.2013,1.17,6.93,2.14,95,14
24.11.2013,1.17,6.93,2.04,47.5,22.2
25.11.2013,1.17,6.93,1.76,93,22.2
26.11.2013,1.08,6.62,1.76,93,24.4
27.11.2013,1.42,10.2,2.42,40.8,25.3
28.11.2013,3.9,14.3,2.78,37.4,25.3
29.11.2013,2.94,17.2,3.25,36.8,25.3
30.11.2013,2.6,14.8,3.25,27.9,24.4
1.12.2013,2.3,12.8,3.25,47.5,27.2
2.12.2013,2,11.7,3.13,75.4,30.8
3.12.2013,2,11.3,3.13,93,29.9
4.12.2013,2.15,10.9,3.13,90,31.8
5.12.2013,1.88,10.2,3.13,93,30.8
6.12.2013,1.88,9.82,3.13,99,29
7.12.2013,1.88,9.44,3.13,50.5,23.7
8.12.2013,1.88,9.82,3.02,49.7,25.3
9.12.2013,1.88,9.82,3.02,50.5,22.9
10.12.2013,1.88,9.82,3.02,61.2,22.9
11.12.2013,2,9.82,3.02,84,23.7
12.12.2013,2,9.82,3.02,89,42.9
13.12.2013,2,9.82,3.02,91,29
14.12.2013,2,9.82,3.02,58.9,34.6
15.12.2013,2,9.82,3.02,38.1,28.1
16.12.2013,2,8.46,3.02,51.3,16.4
17.12.2013,1.88,8.15,2.66,35.5,10.6
18.12.2013,1.77,7.23,2.54,49.7,15.8
19.12.2013,1.77,7.23,2.66,50.5,20
20.12.2013,1.77,6.32,2.54,50.5,21.4
21.12.2013,1.77,6.01,2.42,40.8,22.2
22.12.2013,1.88,5.78,2.42,34.9,22.2
23.12.2013,1.88,5.78,2.42,38.1,22.2
24.12.2013,1.88,5.78,2.42,38.1,22.2
25.12.2013,1.88,5.78,2.42,38.7,18.5
26.12.2013,1.88,5.32,2.33,38.7,15.2
27.12.2013,1.88,5.32,2.33,42.3,14.6
28.12.2013,2,5.32,2.42,38.1,14.6
29.12.2013,1.88,5.78,2.54,58.9,21.4
30.12.2013,1.77,6.93,3.02,40.8,28.1
31.12.2013,1.77,7.54,3.13,38.1,28.1
1.01.2014,1.65,7.85,3.13,36.8,29.9
2.01.2014,1.42,7.54,3.13,38.1,27.2
3.01.2014,1.25,7.54,3.02,38.7,32.7
4.01.2014,1.25,7.54,3.02,38.1,31.8
5.01.2014,1.25,7.23,3.02,28.4,32.7
6.01.2014,1.17,6.93,2.9,39.4,28.1
7.01.2014,1.17,6.62,2.9,38.7,26.2
8.01.2014,1.17,6.62,2.9,38.7,29
9.01.2014,1.17,6.62,2.9,26.2,29
10.01.2014,1.17,6.62,2.9,34.2,30.8
11.01.2014,1.17,6.62,2.9,40.1,25.3
12.01.2014,1.17,6.32,2.9,36.1,24.4
13.01.2014,1.17,6.62,3.13,38.1,24.4
14.01.2014,1.17,6.62,3.02,25.7,26.2
15.01.2014,1.17,6.93,3.02,27.3,21.4
16.01.2014,1.17,6.62,3.02,27.3,20
17.01.2014,1.08,6.93,3.02,41.6,17.7
18.01.2014,1.17,6.93,3.02,37.4,17.7
19.01.2014,1.17,7.23,3.02,35.5,13.4
20.01.2014,1.17,6.93,2.9,38.1,15.8
21.01.2014,1.17,7.23,2.9,38.1,22.2
22.01.2014,1.17,7.23,2.9,38.1,25.3
23.01.2014,1.17,7.85,3.02,37.4,26.2
24.01.2014,1.25,8.15,3.02,38.1,23.7
25.01.2014,1.34,8.46,3.02,33,20.7
26.01.2014,1.65,9.44,3.13,33.6,17
27.01.2014,2.45,10.2,3.49,38.1,20
28.01.2014,2.45,11.7,3.49,38.1,20.7
29.01.2014,2.3,12.4,3.49,35.5,19.2
30.01.2014,2.6,12.8,3.61,38.1,19.2
31.01.2014,3.13,13.8,3.61,38.1,25.3
1.02.2014,2.75,14.8,3.49,23.6,22.2
2.02.2014,2.6,13.3,3.25,24.1,12.2
3.02.2014,2.15,12.1,3.25,26.8,38.8
4.02.2014,1.88,10.6,3.13,24.6,39.8
5.02.2014,1.77,9.44,3.02,27.3,32.7
6.02.2014,1.77,8.76,3.02,26.8,17.7
7.02.2014,1.77,9.07,3.02,27.3,17
8.02.2014,1.77,8.76,3.02,27.3,15.8
9.02.2014,1.65,8.76,3.13,27.3,9.21
10.02.2014,1.65,8.76,3.13,27.9,13.4
11.02.2014,1.77,9.07,3.13,27.9,21.4
12.02.2014,1.65,8.76,3.13,27.3,26.2
13.02.2014,1.65,8.76,3.02,27.9,20
14.02.2014,1.77,8.46,3.02,27.3,21.4
15.02.2014,1.77,8.46,3.02,27.3,20.7
16.02.2014,1.65,8.46,3.02,25.7,17
17.02.2014,1.65,8.46,3.02,27.9,18.5
18.02.2014,1.65,7.85,2.78,27.9,19.2
19.02.2014,1.65,7.85,2.9,27.3,22.2
20.02.2014,1.77,7.85,3.02,26.8,19.2
21.02.2014,2,8.46,2.9,27.3,21.4
22.02.2014,2.15,8.76,2.78,27.3,17.7
23.02.2014,2.45,9.07,2.78,25.1,9.66
24.02.2014,2.6,9.44,2.9,27.9,15.2
25.02.2014,2.75,10.6,3.13,27.3,27.2
26.02.2014,3.32,11.7,3.02,26.2,30.8
27.02.2014,3.9,13.3,2.9,26.2,26.2
28.02.2014,3.7,14.3,3.02,26.2,29.9
1.03.2014,3.32,13.3,3.13,26.2,14
2.03.2014,3.13,12.8,3.13,24.1,20.7
3.03.2014,3.13,12.1,3.02,25.7,31.8
4.03.2014,3.13,12.4,3.13,25.1,28.1
5.03.2014,3.51,13.3,3.13,25.1,22.2
6.03.2014,4.1,15.7,3.13,23.6,19.2
7.03.2014,4.7,16.7,3.25,21,23.7
8.03.2014,5.1,19.3,3.37,20,19.2
9.03.2014,6.32,20.4,3.75,18.5,17
10.03.2014,8.49,23,4.73,22,43.9
11.03.2014,9.17,29.3,5.76,19,45.1
12.03.2014,10.3,32.7,5.76,19,70.6
13.03.2014,8.8,34.1,5.76,18.5,55.6
14.03.2014,7.56,30,5.46,21,41.8
15.03.2014,6.63,26.2,5.31,21,52.1
16.03.2014,6.32,23.6,5.16,18.5,69.3
17.03.2014,6.01,22.5,5.01,21.5,64.3
18.03.2014,6.01,21.4,4.87,21.5,53.3
19.03.2014,6.01,20.4,4.73,21,34.6
20.03.2014,6.01,19.8,4.73,19.5,30.8
21.03.2014,6.01,18.8,4.45,19.5,36.7
22.03.2014,5.7,18.8,4.31,20,45.1
23.03.2014,5.7,18.2,4.31,17.1,29
24.03.2014,6.01,16.7,4.17,21.5,33.6
25.03.2014,6.01,16.7,4.17,19.5,39.8
26.03.2014,6.01,16.2,4.03,20,47.4
27.03.2014,6.01,16.2,4.03,19,43.9
28.03.2014,5.7,16.2,3.89,21,42.9
29.03.2014,6.63,18.2,3.89,21.5,37.7
30.03.2014,7.56,19.3,3.89,19,30.8
31.03.2014,6.32,19.8,3.75,22.5,46.2
1.04.2014,6.01,18.8,3.75,23.6,40.8
2.04.2014,5.7,17.7,3.75,50.5,33.6
3.04.2014,5.3,16.7,3.61,49.7,39.8
4.04.2014,5.1,16.2,3.49,50.5,46.2
5.04.2014,4.9,14.8,3.37,50.5,43.9
6.04.2014,5.1,14.3,3.37,50.5,19.2
7.04.2014,5.5,13.8,3.25,51.3,50.9
8.04.2014,5.5,14.8,3.25,50.5,48.6
9.04.2014,5.7,15.7,3.13,49.7,41.8
10.04.2014,5.5,16.2,2.78,51.3,34.6
11.04.2014,5.1,15.7,2.23,49,41.8
12.04.2014,4.9,15.3,1.47,48.2,41.8
13.04.2014,4.9,14.3,1.33,46.7,17
14.04.2014,4.9,13.8,1.25,46.7,45.1
15.04.2014,5.1,14.3,1.76,49,37.7
16.04.2014,5.3,15.3,2.14,47.5,34.6
17.04.2014,6.32,18.8,5.16,46.7,34.6
18.04.2014,6.32,21.4,5.16,45.2,36.7
19.04.2014,6.63,21.4,6.35,41.6,38.8
20.04.2014,6.63,21.4,6.5,43.7,22.2
21.04.2014,6.01,20.4,6.05,45.2,35.7
22.04.2014,6.32,19.8,6.2,46.7,38.8
23.04.2014,5.7,19.3,6.05,48.2,43.9
24.04.2014,5.3,18.2,5.9,48.2,42.9
25.04.2014,5.1,17.2,5.9,79.2,35.7
26.04.2014,5.1,17.2,6.05,91,27.2
27.04.2014,4.9,16.7,5.9,41.6,20.7
28.04.2014,4.5,15.7,5.9,46.7,27.2
29.04.2014,4.3,15.3,6.2,81.1,27.2
30.04.2014,4.3,14.8,6.2,88,31.8
1.05.2014,4.1,14.3,6.35,44.5,33.6
2.05.2014,4.1,14.8,7.07,46.7,32.7
3.05.2014,3.9,14.3,6.88,47.5,27.2
4.05.2014,3.7,13.8,6.69,42.3,10.6
5.05.2014,3.51,12.8,6.5,46,23.7
6.05.2014,3.32,13.3,7.07,47.5,34.6
7.05.2014,4.3,13.3,7.83,46,32.7
8.05.2014,4.3,15.7,7.83,46.7,23.7
9.05.2014,3.9,15.3,5.31,46,20
10.05.2014,4.1,15.3,4.03,46.7,26.2
11.05.2014,3.9,15.3,3.75,43.7,17.7
12.05.2014,3.32,13.8,3.75,46.7,19.2
13.05.2014,3.13,12.8,3.61,49.7,25.3
14.05.2014,2.94,12.4,3.61,46,23.7
15.05.2014,2.75,12.1,3.49,47.5,25.3
16.05.2014,2.6,11.3,3.25,46.7,21.4
17.05.2014,2.3,10.6,3.13,46.7,20.7
18.05.2014,2.15,10.6,3.02,42.3,12.2
19.05.2014,2.15,11.7,3.02,46,10.6
20.05.2014,2.45,11.7,3.37,47.5,22.2
21.05.2014,2.3,11.3,3.37,46.7,22.2
22.05.2014,2.3,10.9,3.75,47.5,21.4
23.05.2014,2.75,10.9,3.89,48.2,22.2
24.05.2014,2.75,11.7,4.31,46.7,21.4
25.05.2014,3.7,12.1,4.45,44.5,15.2
26.05.2014,3.32,12.8,4.87,48.2,15.2
27.05.2014,3.7,12.8,5.76,49,28.1
28.05.2014,4.1,12.4,5.46,49.7,25.3
29.05.2014,3.9,12.1,3.75,26.8,25.3
30.05.2014,2.6,12.1,3.37,26.8,27.2
31.05.2014,2.15,11.7,3.37,26.8,29
1.06.2014,2.3,11.7,3.49,48.2,17.7
2.06.2014,2.45,11.7,3.61,47.5,15.8
3.06.2014,2.6,10.9,3.02,49,26.2
4.06.2014,2.6,14.3,2.54,45.2,38.8
5.06.2014,3.51,12.1,2.42,46.7,35.7
6.06.2014,4.5,11.3,2.54,47.5,32.7
7.06.2014,4.9,12.1,2.54,48.2,41.8
8.06.2014,5.3,13.8,3.37,44.5,16.4
9.06.2014,5.3,13.8,3.25,46.7,17.7
10.06.2014,5.3,13.8,4.17,46.7,29
11.06.2014,6.32,12.4,3.61,47.5,28.1
12.06.2014,5.7,13.3,3.13,86,27.2
13.06.2014,5.3,12.1,3.02,98,25.3
14.06.2014,5.1,11.3,2.54,101,24.4
15.06.2014,4.7,10.6,2.33,97,15.8
16.06.2014,4.5,9.82,3.25,102,13.4
17.06.2014,4.5,15.3,11.4,104,22.9
18.06.2014,4.7,11.3,3.37,104,19.2
19.06.2014,4.5,10.6,5.01,103,18.5
20.06.2014,4.1,10.2,5.16,52,18.5
21.06.2014,3.9,9.44,4.87,53.5,15.2
22.06.2014,3.9,8.76,4.87,56.6,9.66
23.06.2014,3.9,8.46,4.73,51.3,9.66
24.06.2014,3.7,8.15,4.45,52.8,19.2
25.06.2014,3.51,8.15,4.03,52.8,14.6
26.06.2014,3.32,7.54,3.61,53.5,14.6
27.06.2014,3.13,7.23,3.49,83,10.1
28.06.2014,2.94,6.93,6.5,53.5,4
29.06.2014,3.13,6.93,19.3,52,4.55
30.06.2014,2.94,6.62,8.84,54.3,4
1.07.2014,2.6,6.62,7.83,52.8,7.42
2.07.2014,2.45,6.01,6.5,52,7.86
3.07.2014,2.3,5.78,6.35,52,8.76
4.07.2014,1.88,5.78,5.9,49,7.86
5.07.2014,1.65,5.78,6.05,49.7,4.82
6.07.2014,1.65,5.55,5.9,48.2,2.02
7.07.2014,1.65,5.55,5.9,49.7,2.21
8.07.2014,1.65,5.32,5.9,49.7,5.16
9.07.2014,1.65,5.09,5.9,59.7,6.18
10.07.2014,1.88,4.86,6.05,52,5.16
11.07.2014,1.54,4.63,6.2,52.8,5.16
12.07.2014,1.42,4.4,5.9,52,5.16
13.07.2014,1.34,4.17,6.05,49.7,4
14.07.2014,1.34,4.17,6.2,80.2,4.55
15.07.2014,1.34,3.94,5.9,91,3.24
16.07.2014,1.34,3.94,5.9,84,4.27
17.07.2014,1.25,3.71,6.05,83,4.27
18.07.2014,1.25,3.71,6.05,80.2,4.27
19.07.2014,1.25,3.55,6.05,25.7,5.5
20.07.2014,1.34,3.55,6.2,46,3.72
21.07.2014,1.34,3.39,6.2,81.1,4.27
22.07.2014,1.34,3.55,6.35,81.1,3.24
23.07.2014,1.34,3.55,6.2,82.1,3.01
24.07.2014,1.34,3.39,6.2,82.1,4.55
25.07.2014,1.34,3.39,6.05,82.1,4.55
26.07.2014,1.34,3.39,6.05,49.7,4.27
27.07.2014,1.54,3.55,6.2,46,3.72
28.07.2014,1.42,3.55,6.5,44.5,2.39
29.07.2014,1.54,5.09,6.69,49,2.02
30.07.2014,1.54,5.09,6.05,50.5,1.7
31.07.2014,1.65,4.63,5.9,67.6,1.7
1.08.2014,1.42,4.17,5.76,49,1.54
2.08.2014,1.25,3.71,5.76,48.2,1.54
3.08.2014,1.25,3.55,5.76,47.5,2.02
4.08.2014,1.25,3.55,5.76,47.5,2.02
5.08.2014,1.25,4.86,7.07,49,3.45
6.08.2014,1.34,4.63,8.21,48.2,6.18
7.08.2014,1.34,4.17,6.88,48.2,4.55
8.08.2014,1.34,4.17,6.2,48.2,5.5
9.08.2014,1.17,4.17,6.35,48.2,5.16
10.08.2014,1.17,3.71,6.2,46.7,5.16
11.08.2014,1.17,3.55,6.2,47.5,4.82
12.08.2014,1.17,3.71,6.2,49,4.82
13.08.2014,1.17,3.71,6.05,49,5.16
14.08.2014,1.17,3.55,6.05,49,6.18
15.08.2014,1.17,3.39,6.05,49,4.55
16.08.2014,1.17,3.39,5.9,49,4
17.08.2014,1.17,3.39,5.9,47.5,5.5
18.08.2014,1.17,3.39,5.9,48.2,4.82
19.08.2014,1.17,3.39,5.76,47.5,11
20.08.2014,1.17,3.39,5.76,49,11
21.08.2014,1.17,3.39,8.02,49,13.4
22.08.2014,1.17,3.71,6.05,47.5,12.2
23.08.2014,1.17,3.71,5.9,40.8,5.16
24.08.2014,1.17,3.39,5.9,39.4,7.42
25.08.2014,1.17,3.39,5.9,33,6.97
26.08.2014,1.17,3.39,5.76,34.2,7.86
27.08.2014,1.17,3.07,5.76,34.2,5.5
28.08.2014,1.17,3.07,5.76,33.6,4.82
29.08.2014,1.17,3.07,5.76,33.6,4.82
30.08.2014,1.17,2.91,5.76,33,4
31.08.2014,1.08,2.91,5.76,32.4,3.24
1.09.2014,1.08,2.91,5.76,34.2,3.45
2.09.2014,1.08,2.91,5.76,41.6,3.24
3.09.2014,1,2.91,5.61,41.6,2.21
4.09.2014,1,2.42,5.61,39.4,1.87
5.09.2014,0.938,2.74,5.46,40.8,1.87
6.09.2014,0.938,2.58,5.31,40.8,1.87
7.09.2014,0.938,2.42,5.16,40.8,1.87
8.09.2014,0.938,2.74,5.01,41.6,1.87
9.09.2014,0.938,3.94,4.73,41.6,1.7
10.09.2014,0.938,3.71,4.73,41.6,2.39
11.09.2014,0.876,5.09,4.73,41.6,4.55
12.09.2014,0.938,5.09,4.59,41.6,3.01
13.09.2014,1,4.17,4.45,41.6,2.79
14.09.2014,0.938,3.71,4.45,42.3,2.79
15.09.2014,0.938,3.39,4.45,42.3,3.24
16.09.2014,0.876,3.23,4.45,42.3,4
17.09.2014,0.876,3.39,4.45,42.3,5.16
18.09.2014,0.938,4.17,4.45,42.3,8.76
19.09.2014,0.938,6.32,4.45,42.3,9.66
20.09.2014,1.08,8.46,4.31,42.3,15.2
21.09.2014,1.42,6.62,4.45,42.3,8.31
22.09.2014,1.25,6.32,4.73,43,8.31
23.09.2014,1.08,5.55,3.75,43,9.21
24.09.2014,1.08,5.78,3.02,43,8.31
25.09.2014,1.08,5.55,3.02,43,7.42
26.09.2014,1.08,5.55,3.02,43,6.97
27.09.2014,1,5.32,2.33,43,9.21
28.09.2014,1,9.44,2.14,47.5,15.8
29.09.2014,1.17,9.07,2.04,55.1,10.6
30.09.2014,1.17,9.44,2.04,64.4,7.86