Date,Td,Tm,Ty,"Qmax,m","Qmean,m","Qmin,m","Qmax,y","Qmean,y","Qmin,y",Q
1.10.2010,1,10,2010,37.4,18.25,18,476,68.57,9.37,18
2.10.2010,2,10,2010,37.4,18.25,18,476,68.57,9.37,18
3.10.2010,3,10,2010,37.4,18.25,18,476,68.57,9.37,18.4
4.10.2010,4,10,2010,37.4,18.25,18,476,68.57,9.37,19.2
5.10.2010,5,10,2010,37.4,18.25,18,476,68.57,9.37,20.1
6.10.2010,6,10,2010,37.4,18.25,18,476,68.57,9.37,20.1
7.10.2010,7,10,2010,37.4,18.25,18,476,68.57,9.37,20.1
8.10.2010,8,10,2010,37.4,18.25,18,476,68.57,9.37,21.8
9.10.2010,9,10,2010,37.4,18.25,18,476,68.57,9.37,21.8
10.10.2010,10,10,2010,37.4,18.25,18,476,68.57,9.37,22.6
11.10.2010,11,10,2010,37.4,18.25,18,476,68.57,9.37,23.5
12.10.2010,12,10,2010,37.4,18.25,18,476,68.57,9.37,24
13.10.2010,13,10,2010,37.4,18.25,18,476,68.57,9.37,24
14.10.2010,14,10,2010,37.4,18.25,18,476,68.57,9.37,24
15.10.2010,15,10,2010,37.4,18.25,18,476,68.57,9.37,25.6
16.10.2010,16,10,2010,37.4,18.25,18,476,68.57,9.37,27.2
17.10.2010,17,10,2010,37.4,18.25,18,476,68.57,9.37,27.2
18.10.2010,18,10,2010,37.4,18.25,18,476,68.57,9.37,28.8
19.10.2010,19,10,2010,37.4,18.25,18,476,68.57,9.37,36.7
20.10.2010,20,10,2010,37.4,18.25,18,476,68.57,9.37,37.4
21.10.2010,21,10,2010,37.4,18.25,18,476,68.57,9.37,33.5
22.10.2010,22,10,2010,37.4,18.25,18,476,68.57,9.37,31.8
23.10.2010,23,10,2010,37.4,18.25,18,476,68.57,9.37,30.6
24.10.2010,24,10,2010,37.4,18.25,18,476,68.57,9.37,29.4
25.10.2010,25,10,2010,37.4,18.25,18,476,68.57,9.37,28.8
26.10.2010,26,10,2010,37.4,18.25,18,476,68.57,9.37,28.3
27.10.2010,27,10,2010,37.4,18.25,18,476,68.57,9.37,27.7
28.10.2010,28,10,2010,37.4,18.25,18,476,68.57,9.37,27.7
29.10.2010,29,10,2010,37.4,18.25,18,476,68.57,9.37,29.4
30.10.2010,30,10,2010,37.4,18.25,18,476,68.57,9.37,29.4
31.10.2010,31,10,2010,37.4,18.25,18,476,68.57,9.37,30.6
1.11.2010,1,11,2010,34.1,21.95,25.1,476,68.57,9.37,32.9
2.11.2010,2,11,2010,34.1,21.95,25.1,476,68.57,9.37,34.1
3.11.2010,3,11,2010,34.1,21.95,25.1,476,68.57,9.37,33.5
4.11.2010,4,11,2010,34.1,21.95,25.1,476,68.57,9.37,31.8
5.11.2010,5,11,2010,34.1,21.95,25.1,476,68.57,9.37,30
6.11.2010,6,11,2010,34.1,21.95,25.1,476,68.57,9.37,28.8
7.11.2010,7,11,2010,34.1,21.95,25.1,476,68.57,9.37,28.3
8.11.2010,8,11,2010,34.1,21.95,25.1,476,68.57,9.37,28.3
9.11.2010,9,11,2010,34.1,21.95,25.1,476,68.57,9.37,27.7
10.11.2010,10,11,2010,34.1,21.95,25.1,476,68.57,9.37,27.2
11.11.2010,11,11,2010,34.1,21.95,25.1,476,68.57,9.37,26.7
12.11.2010,12,11,2010,34.1,21.95,25.1,476,68.57,9.37,26.7
13.11.2010,13,11,2010,34.1,21.95,25.1,476,68.57,9.37,26.7
14.11.2010,14,11,2010,34.1,21.95,25.1,476,68.57,9.37,26.2
15.11.2010,15,11,2010,34.1,21.95,25.1,476,68.57,9.37,26.2
16.11.2010,16,11,2010,34.1,21.95,25.1,476,68.57,9.37,26.2
17.11.2010,17,11,2010,34.1,21.95,25.1,476,68.57,9.37,26.2
18.11.2010,18,11,2010,34.1,21.95,25.1,476,68.57,9.37,25.6
19.11.2010,19,11,2010,34.1,21.95,25.1,476,68.57,9.37,25.6
20.11.2010,20,11,2010,34.1,21.95,25.1,476,68.57,9.37,25.1
21.11.2010,21,11,2010,34.1,21.95,25.1,476,68.57,9.37,25.6
22.11.2010,22,11,2010,34.1,21.95,25.1,476,68.57,9.37,25.6
23.11.2010,23,11,2010,34.1,21.95,25.1,476,68.57,9.37,25.6
24.11.2010,24,11,2010,34.1,21.95,25.1,476,68.57,9.37,26.2
25.11.2010,25,11,2010,34.1,21.95,25.1,476,68.57,9.37,26.2
26.11.2010,26,11,2010,34.1,21.95,25.1,476,68.57,9.37,26.2
27.11.2010,27,11,2010,34.1,21.95,25.1,476,68.57,9.37,26.2
28.11.2010,28,11,2010,34.1,21.95,25.1,476,68.57,9.37,25.6
29.11.2010,29,11,2010,34.1,21.95,25.1,476,68.57,9.37,25.6
30.11.2010,30,11,2010,34.1,21.95,25.1,476,68.57,9.37,25.6
1.12.2010,1,12,2010,39.5,32.19,23.1,476,68.57,9.37,25.6
2.12.2010,2,12,2010,39.5,32.19,23.1,476,68.57,9.37,25.6
3.12.2010,3,12,2010,39.5,32.19,23.1,476,68.57,9.37,25.6
4.12.2010,4,12,2010,39.5,32.19,23.1,476,68.57,9.37,24.6
5.12.2010,5,12,2010,39.5,32.19,23.1,476,68.57,9.37,24.6
6.12.2010,6,12,2010,39.5,32.19,23.1,476,68.57,9.37,24.6
7.12.2010,7,12,2010,39.5,32.19,23.1,476,68.57,9.37,24
8.12.2010,8,12,2010,39.5,32.19,23.1,476,68.57,9.37,23.5
9.12.2010,9,12,2010,39.5,32.19,23.1,476,68.57,9.37,23.1
10.12.2010,10,12,2010,39.5,32.19,23.1,476,68.57,9.37,24
11.12.2010,11,12,2010,39.5,32.19,23.1,476,68.57,9.37,24.6
12.12.2010,12,12,2010,39.5,32.19,23.1,476,68.57,9.37,25.1
13.12.2010,13,12,2010,39.5,32.19,23.1,476,68.57,9.37,24.6
14.12.2010,14,12,2010,39.5,32.19,23.1,476,68.57,9.37,27.7
15.12.2010,15,12,2010,39.5,32.19,23.1,476,68.57,9.37,32.3
16.12.2010,16,12,2010,39.5,32.19,23.1,476,68.57,9.37,34.7
17.12.2010,17,12,2010,39.5,32.19,23.1,476,68.57,9.37,34.7
18.12.2010,18,12,2010,39.5,32.19,23.1,476,68.57,9.37,34.7
19.12.2010,19,12,2010,39.5,32.19,23.1,476,68.57,9.37,36.1
20.12.2010,20,12,2010,39.5,32.19,23.1,476,68.57,9.37,37.4
21.12.2010,21,12,2010,39.5,32.19,23.1,476,68.57,9.37,39.5
22.12.2010,22,12,2010,39.5,32.19,23.1,476,68.57,9.37,39.5
23.12.2010,23,12,2010,39.5,32.19,23.1,476,68.57,9.37,38.8
24.12.2010,24,12,2010,39.5,32.19,23.1,476,68.57,9.37,38.1
25.12.2010,25,12,2010,39.5,32.19,23.1,476,68.57,9.37,37.4
26.12.2010,26,12,2010,39.5,32.19,23.1,476,68.57,9.37,36.7
27.12.2010,27,12,2010,39.5,32.19,23.1,476,68.57,9.37,36.1
28.12.2010,28,12,2010,39.5,32.19,23.1,476,68.57,9.37,36.7
29.12.2010,29,12,2010,39.5,32.19,23.1,476,68.57,9.37,36.1
30.12.2010,30,12,2010,39.5,32.19,23.1,476,68.57,9.37,35.4
31.12.2010,31,12,2010,39.5,32.19,23.1,476,68.57,9.37,36.1
1.01.2011,1,1,2011,36.7,34.95,27.2,476,68.57,9.37,36.7
2.01.2011,2,1,2011,36.7,34.95,27.2,476,68.57,9.37,36.7
3.01.2011,3,1,2011,36.7,34.95,27.2,476,68.57,9.37,36.1
4.01.2011,4,1,2011,36.7,34.95,27.2,476,68.57,9.37,36.1
5.01.2011,5,1,2011,36.7,34.95,27.2,476,68.57,9.37,34.7
6.01.2011,6,1,2011,36.7,34.95,27.2,476,68.57,9.37,34.7
7.01.2011,7,1,2011,36.7,34.95,27.2,476,68.57,9.37,35.4
8.01.2011,8,1,2011,36.7,34.95,27.2,476,68.57,9.37,36.7
9.01.2011,9,1,2011,36.7,34.95,27.2,476,68.57,9.37,36.1
10.01.2011,10,1,2011,36.7,34.95,27.2,476,68.57,9.37,36.1
11.01.2011,11,1,2011,36.7,34.95,27.2,476,68.57,9.37,34.1
12.01.2011,12,1,2011,36.7,34.95,27.2,476,68.57,9.37,32.3
13.01.2011,13,1,2011,36.7,34.95,27.2,476,68.57,9.37,28.3
14.01.2011,14,1,2011,36.7,34.95,27.2,476,68.57,9.37,27.2
15.01.2011,15,1,2011,36.7,34.95,27.2,476,68.57,9.37,27.2
16.01.2011,16,1,2011,36.7,34.95,27.2,476,68.57,9.37,30
17.01.2011,17,1,2011,36.7,34.95,27.2,476,68.57,9.37,32.9
18.01.2011,18,1,2011,36.7,34.95,27.2,476,68.57,9.37,34.7
19.01.2011,19,1,2011,36.7,34.95,27.2,476,68.57,9.37,33.5
20.01.2011,20,1,2011,36.7,34.95,27.2,476,68.57,9.37,31.8
21.01.2011,21,1,2011,36.7,34.95,27.2,476,68.57,9.37,30.6
22.01.2011,22,1,2011,36.7,34.95,27.2,476,68.57,9.37,30.6
23.01.2011,23,1,2011,36.7,34.95,27.2,476,68.57,9.37,30
24.01.2011,24,1,2011,36.7,34.95,27.2,476,68.57,9.37,31.2
25.01.2011,25,1,2011,36.7,34.95,27.2,476,68.57,9.37,32.3
26.01.2011,26,1,2011,36.7,34.95,27.2,476,68.57,9.37,32.3
27.01.2011,27,1,2011,36.7,34.95,27.2,476,68.57,9.37,33.5
28.01.2011,28,1,2011,36.7,34.95,27.2,476,68.57,9.37,34.1
29.01.2011,29,1,2011,36.7,34.95,27.2,476,68.57,9.37,34.1
30.01.2011,30,1,2011,36.7,34.95,27.2,476,68.57,9.37,33.5
31.01.2011,31,1,2011,36.7,34.95,27.2,476,68.57,9.37,33.5
1.02.2011,1,2,2011,97.6,45.47,23.1,476,68.57,9.37,31.8
2.02.2011,2,2,2011,97.6,45.47,23.1,476,68.57,9.37,31.2
3.02.2011,3,2,2011,97.6,45.47,23.1,476,68.57,9.37,30
4.02.2011,4,2,2011,97.6,45.47,23.1,476,68.57,9.37,29.4
5.02.2011,5,2,2011,97.6,45.47,23.1,476,68.57,9.37,28.8
6.02.2011,6,2,2011,97.6,45.47,23.1,476,68.57,9.37,27.2
7.02.2011,7,2,2011,97.6,45.47,23.1,476,68.57,9.37,27.2
8.02.2011,8,2,2011,97.6,45.47,23.1,476,68.57,9.37,23.1
9.02.2011,9,2,2011,97.6,45.47,23.1,476,68.57,9.37,25.6
10.02.2011,10,2,2011,97.6,45.47,23.1,476,68.57,9.37,29.4
11.02.2011,11,2,2011,97.6,45.47,23.1,476,68.57,9.37,35.4
12.02.2011,12,2,2011,97.6,45.47,23.1,476,68.57,9.37,30.6
13.02.2011,13,2,2011,97.6,45.47,23.1,476,68.57,9.37,30.6
14.02.2011,14,2,2011,97.6,45.47,23.1,476,68.57,9.37,30
15.02.2011,15,2,2011,97.6,45.47,23.1,476,68.57,9.37,30.6
16.02.2011,16,2,2011,97.6,45.47,23.1,476,68.57,9.37,31.2
17.02.2011,17,2,2011,97.6,45.47,23.1,476,68.57,9.37,31.8
18.02.2011,18,2,2011,97.6,45.47,23.1,476,68.57,9.37,30.6
19.02.2011,19,2,2011,97.6,45.47,23.1,476,68.57,9.37,31.2
20.02.2011,20,2,2011,97.6,45.47,23.1,476,68.57,9.37,32.3
21.02.2011,21,2,2011,97.6,45.47,23.1,476,68.57,9.37,26.7
22.02.2011,22,2,2011,97.6,45.47,23.1,476,68.57,9.37,35.4
23.02.2011,23,2,2011,97.6,45.47,23.1,476,68.57,9.37,38.8
24.02.2011,24,2,2011,97.6,45.47,23.1,476,68.57,9.37,37.4
25.02.2011,25,2,2011,97.6,45.47,23.1,476,68.57,9.37,41.5
26.02.2011,26,2,2011,97.6,45.47,23.1,476,68.57,9.37,49.2
27.02.2011,27,2,2011,97.6,45.47,23.1,476,68.57,9.37,58.6
28.02.2011,28,2,2011,97.6,45.47,23.1,476,68.57,9.37,97.6
1.03.2011,1,3,2011,476,119.83,83.4,476,68.57,9.37,101
2.03.2011,2,3,2011,476,119.83,83.4,476,68.57,9.37,93.2
3.03.2011,3,3,2011,476,119.83,83.4,476,68.57,9.37,87.6
4.03.2011,4,3,2011,476,119.83,83.4,476,68.57,9.37,89
5.03.2011,5,3,2011,476,119.83,83.4,476,68.57,9.37,83.4
6.03.2011,6,3,2011,476,119.83,83.4,476,68.57,9.37,83.4
7.03.2011,7,3,2011,476,119.83,83.4,476,68.57,9.37,83.4
8.03.2011,8,3,2011,476,119.83,83.4,476,68.57,9.37,87.6
9.03.2011,9,3,2011,476,119.83,83.4,476,68.57,9.37,93.2
10.03.2011,10,3,2011,476,119.83,83.4,476,68.57,9.37,93.2
11.03.2011,11,3,2011,476,119.83,83.4,476,68.57,9.37,106
12.03.2011,12,3,2011,476,119.83,83.4,476,68.57,9.37,112
13.03.2011,13,3,2011,476,119.83,83.4,476,68.57,9.37,109
14.03.2011,14,3,2011,476,119.83,83.4,476,68.57,9.37,102
15.03.2011,15,3,2011,476,119.83,83.4,476,68.57,9.37,97.6
16.03.2011,16,3,2011,476,119.83,83.4,476,68.57,9.37,97.6
17.03.2011,17,3,2011,476,119.83,83.4,476,68.57,9.37,99.2
18.03.2011,18,3,2011,476,119.83,83.4,476,68.57,9.37,107
19.03.2011,19,3,2011,476,119.83,83.4,476,68.57,9.37,126
20.03.2011,20,3,2011,476,119.83,83.4,476,68.57,9.37,158
21.03.2011,21,3,2011,476,119.83,83.4,476,68.57,9.37,248
22.03.2011,22,3,2011,476,119.83,83.4,476,68.57,9.37,321
23.03.2011,23,3,2011,476,119.83,83.4,476,68.57,9.37,476
24.03.2011,24,3,2011,476,119.83,83.4,476,68.57,9.37,375
25.03.2011,25,3,2011,476,119.83,83.4,476,68.57,9.37,279
26.03.2011,26,3,2011,476,119.83,83.4,476,68.57,9.37,238
27.03.2011,27,3,2011,476,119.83,83.4,476,68.57,9.37,215
28.03.2011,28,3,2011,476,119.83,83.4,476,68.57,9.37,207
29.03.2011,29,3,2011,476,119.83,83.4,476,68.57,9.37,207
30.03.2011,30,3,2011,476,119.83,83.4,476,68.57,9.37,209
31.03.2011,31,3,2011,476,119.83,83.4,476,68.57,9.37,211
1.04.2011,1,4,2011,264,178.18,139,476,68.57,9.37,215
2.04.2011,2,4,2011,264,178.18,139,476,68.57,9.37,229
3.04.2011,3,4,2011,264,178.18,139,476,68.57,9.37,236
4.04.2011,4,4,2011,264,178.18,139,476,68.57,9.37,247
5.04.2011,5,4,2011,264,178.18,139,476,68.57,9.37,264
6.04.2011,6,4,2011,264,178.18,139,476,68.57,9.37,257
7.04.2011,7,4,2011,264,178.18,139,476,68.57,9.37,231
8.04.2011,8,4,2011,264,178.18,139,476,68.57,9.37,213
9.04.2011,9,4,2011,264,178.18,139,476,68.57,9.37,198
10.04.2011,10,4,2011,264,178.18,139,476,68.57,9.37,198
11.04.2011,11,4,2011,264,178.18,139,476,68.57,9.37,220
12.04.2011,12,4,2011,264,178.18,139,476,68.57,9.37,224
13.04.2011,13,4,2011,264,178.18,139,476,68.57,9.37,207
14.04.2011,14,4,2011,264,178.18,139,476,68.57,9.37,192
15.04.2011,15,4,2011,264,178.18,139,476,68.57,9.37,182
16.04.2011,16,4,2011,264,178.18,139,476,68.57,9.37,174
17.04.2011,17,4,2011,264,178.18,139,476,68.57,9.37,172
18.04.2011,18,4,2011,264,178.18,139,476,68.57,9.37,176
19.04.2011,19,4,2011,264,178.18,139,476,68.57,9.37,192
20.04.2011,20,4,2011,264,178.18,139,476,68.57,9.37,200
21.04.2011,21,4,2011,264,178.18,139,476,68.57,9.37,202
22.04.2011,22,4,2011,264,178.18,139,476,68.57,9.37,192
23.04.2011,23,4,2011,264,178.18,139,476,68.57,9.37,180
24.04.2011,24,4,2011,264,178.18,139,476,68.57,9.37,139
25.04.2011,25,4,2011,264,178.18,139,476,68.57,9.37,150
26.04.2011,26,4,2011,264,178.18,139,476,68.57,9.37,165
27.04.2011,27,4,2011,264,178.18,139,476,68.57,9.37,165
28.04.2011,28,4,2011,264,178.18,139,476,68.57,9.37,156
29.04.2011,29,4,2011,264,178.18,139,476,68.57,9.37,148
30.04.2011,30,4,2011,264,178.18,139,476,68.57,9.37,148
1.05.2011,1,5,2011,202,105.63,114,476,68.57,9.37,186
2.05.2011,2,5,2011,202,105.63,114,476,68.57,9.37,197
3.05.2011,3,5,2011,202,105.63,114,476,68.57,9.37,182
4.05.2011,4,5,2011,202,105.63,114,476,68.57,9.37,171
5.05.2011,5,5,2011,202,105.63,114,476,68.57,9.37,163
6.05.2011,6,5,2011,202,105.63,114,476,68.57,9.37,163
7.05.2011,7,5,2011,202,105.63,114,476,68.57,9.37,180
8.05.2011,8,5,2011,202,105.63,114,476,68.57,9.37,184
9.05.2011,9,5,2011,202,105.63,114,476,68.57,9.37,202
10.05.2011,10,5,2011,202,105.63,114,476,68.57,9.37,197
11.05.2011,11,5,2011,202,105.63,114,476,68.57,9.37,180
12.05.2011,12,5,2011,202,105.63,114,476,68.57,9.37,173
13.05.2011,13,5,2011,202,105.63,114,476,68.57,9.37,178
14.05.2011,14,5,2011,202,105.63,114,476,68.57,9.37,180
15.05.2011,15,5,2011,202,105.63,114,476,68.57,9.37,182
16.05.2011,16,5,2011,202,105.63,114,476,68.57,9.37,167
17.05.2011,17,5,2011,202,105.63,114,476,68.57,9.37,158
18.05.2011,18,5,2011,202,105.63,114,476,68.57,9.37,150
19.05.2011,19,5,2011,202,105.63,114,476,68.57,9.37,144
20.05.2011,20,5,2011,202,105.63,114,476,68.57,9.37,139
21.05.2011,21,5,2011,202,105.63,114,476,68.57,9.37,141
22.05.2011,22,5,2011,202,105.63,114,476,68.57,9.37,143
23.05.2011,23,5,2011,202,105.63,114,476,68.57,9.37,143
24.05.2011,24,5,2011,202,105.63,114,476,68.57,9.37,152
25.05.2011,25,5,2011,202,105.63,114,476,68.57,9.37,146
26.05.2011,26,5,2011,202,105.63,114,476,68.57,9.37,135
27.05.2011,27,5,2011,202,105.63,114,476,68.57,9.37,126
28.05.2011,28,5,2011,202,105.63,114,476,68.57,9.37,123
29.05.2011,29,5,2011,202,105.63,114,476,68.57,9.37,119
30.05.2011,30,5,2011,202,105.63,114,476,68.57,9.37,114
31.05.2011,31,5,2011,202,105.63,114,476,68.57,9.37,114
1.06.2011,1,6,2011,123,54.32,52.6,476,68.57,9.37,112
2.06.2011,2,6,2011,123,54.32,52.6,476,68.57,9.37,109
3.06.2011,3,6,2011,123,54.32,52.6,476,68.57,9.37,112
4.06.2011,4,6,2011,123,54.32,52.6,476,68.57,9.37,123
5.06.2011,5,6,2011,123,54.32,52.6,476,68.57,9.37,110
6.06.2011,6,6,2011,123,54.32,52.6,476,68.57,9.37,102
7.06.2011,7,6,2011,123,54.32,52.6,476,68.57,9.37,93.2
8.06.2011,8,6,2011,123,54.32,52.6,476,68.57,9.37,87.6
9.06.2011,9,6,2011,123,54.32,52.6,476,68.57,9.37,80.7
10.06.2011,10,6,2011,123,54.32,52.6,476,68.57,9.37,76.9
11.06.2011,11,6,2011,123,54.32,52.6,476,68.57,9.37,80.7
12.06.2011,12,6,2011,123,54.32,52.6,476,68.57,9.37,84.8
13.06.2011,13,6,2011,123,54.32,52.6,476,68.57,9.37,90.4
14.06.2011,14,6,2011,123,54.32,52.6,476,68.57,9.37,102
15.06.2011,15,6,2011,123,54.32,52.6,476,68.57,9.37,93.2
16.06.2011,16,6,2011,123,54.32,52.6,476,68.57,9.37,93.2
17.06.2011,17,6,2011,123,54.32,52.6,476,68.57,9.37,89
18.06.2011,18,6,2011,123,54.32,52.6,476,68.57,9.37,87.6
19.06.2011,19,6,2011,123,54.32,52.6,476,68.57,9.37,90.4
20.06.2011,20,6,2011,123,54.32,52.6,476,68.57,9.37,82
21.06.2011,21,6,2011,123,54.32,52.6,476,68.57,9.37,78.2
22.06.2011,22,6,2011,123,54.32,52.6,476,68.57,9.37,73
23.06.2011,23,6,2011,123,54.32,52.6,476,68.57,9.37,68.1
24.06.2011,24,6,2011,123,54.32,52.6,476,68.57,9.37,64.6
25.06.2011,25,6,2011,123,54.32,52.6,476,68.57,9.37,59.5
26.06.2011,26,6,2011,123,54.32,52.6,476,68.57,9.37,57.5
27.06.2011,27,6,2011,123,54.32,52.6,476,68.57,9.37,55.5
28.06.2011,28,6,2011,123,54.32,52.6,476,68.57,9.37,54.5
29.06.2011,29,6,2011,123,54.32,52.6,476,68.57,9.37,53.5
30.06.2011,30,6,2011,123,54.32,52.6,476,68.57,9.37,52.6
1.07.2011,1,7,2011,51.7,20.67,24,476,68.57,9.37,51.7
2.07.2011,2,7,2011,51.7,20.67,24,476,68.57,9.37,49.9
3.07.2011,3,7,2011,51.7,20.67,24,476,68.57,9.37,49
4.07.2011,4,7,2011,51.7,20.67,24,476,68.57,9.37,45.4
5.07.2011,5,7,2011,51.7,20.67,24,476,68.57,9.37,44.5
6.07.2011,6,7,2011,51.7,20.67,24,476,68.57,9.37,41.3
7.07.2011,7,7,2011,51.7,20.67,24,476,68.57,9.37,39.8
8.07.2011,8,7,2011,51.7,20.67,24,476,68.57,9.37,37.5
9.07.2011,9,7,2011,51.7,20.67,24,476,68.57,9.37,35.4
10.07.2011,10,7,2011,51.7,20.67,24,476,68.57,9.37,35.4
11.07.2011,11,7,2011,51.7,20.67,24,476,68.57,9.37,33.3
12.07.2011,12,7,2011,51.7,20.67,24,476,68.57,9.37,32.6
13.07.2011,13,7,2011,51.7,20.67,24,476,68.57,9.37,31.3
14.07.2011,14,7,2011,51.7,20.67,24,476,68.57,9.37,34
15.07.2011,15,7,2011,51.7,20.67,24,476,68.57,9.37,39.8
16.07.2011,16,7,2011,51.7,20.67,24,476,68.57,9.37,36.8
17.07.2011,17,7,2011,51.7,20.67,24,476,68.57,9.37,32
18.07.2011,18,7,2011,51.7,20.67,24,476,68.57,9.37,33.3
19.07.2011,19,7,2011,51.7,20.67,24,476,68.57,9.37,34
20.07.2011,20,7,2011,51.7,20.67,24,476,68.57,9.37,36.1
21.07.2011,21,7,2011,51.7,20.67,24,476,68.57,9.37,34
22.07.2011,22,7,2011,51.7,20.67,24,476,68.57,9.37,33.3
23.07.2011,23,7,2011,51.7,20.67,24,476,68.57,9.37,34.7
24.07.2011,24,7,2011,51.7,20.67,24,476,68.57,9.37,28.9
25.07.2011,25,7,2011,51.7,20.67,24,476,68.57,9.37,35.4
26.07.2011,26,7,2011,51.7,20.67,24,476,68.57,9.37,30.7
27.07.2011,27,7,2011,51.7,20.67,24,476,68.57,9.37,28.9
28.07.2011,28,7,2011,51.7,20.67,24,476,68.57,9.37,28.3
29.07.2011,29,7,2011,51.7,20.67,24,476,68.57,9.37,27.2
30.07.2011,30,7,2011,51.7,20.67,24,476,68.57,9.37,24.5
31.07.2011,31,7,2011,51.7,20.67,24,476,68.57,9.37,24
1.08.2011,1,8,2011,22.4,11.03,9.37,476,68.57,9.37,22.4
2.08.2011,2,8,2011,22.4,11.03,9.37,476,68.57,9.37,21.9
3.08.2011,3,8,2011,22.4,11.03,9.37,476,68.57,9.37,21.4
4.08.2011,4,8,2011,22.4,11.03,9.37,476,68.57,9.37,20.5
5.08.2011,5,8,2011,22.4,11.03,9.37,476,68.57,9.37,20.1
6.08.2011,6,8,2011,22.4,11.03,9.37,476,68.57,9.37,19.2
7.08.2011,7,8,2011,22.4,11.03,9.37,476,68.57,9.37,20.1
8.08.2011,8,8,2011,22.4,11.03,9.37,476,68.57,9.37,18.8
9.08.2011,9,8,2011,22.4,11.03,9.37,476,68.57,9.37,18.8
10.08.2011,10,8,2011,22.4,11.03,9.37,476,68.57,9.37,18.8
11.08.2011,11,8,2011,22.4,11.03,9.37,476,68.57,9.37,17.9
12.08.2011,12,8,2011,22.4,11.03,9.37,476,68.57,9.37,19.2
13.08.2011,13,8,2011,22.4,11.03,9.37,476,68.57,9.37,18.8
14.08.2011,14,8,2011,22.4,11.03,9.37,476,68.57,9.37,18.8
15.08.2011,15,8,2011,22.4,11.03,9.37,476,68.57,9.37,19.2
16.08.2011,16,8,2011,22.4,11.03,9.37,476,68.57,9.37,17.9
17.08.2011,17,8,2011,22.4,11.03,9.37,476,68.57,9.37,19.6
18.08.2011,18,8,2011,22.4,11.03,9.37,476,68.57,9.37,18.8
19.08.2011,19,8,2011,22.4,11.03,9.37,476,68.57,9.37,19.2
20.08.2011,20,8,2011,22.4,11.03,9.37,476,68.57,9.37,19.6
21.08.2011,21,8,2011,22.4,11.03,9.37,476,68.57,9.37,19.2
22.08.2011,22,8,2011,22.4,11.03,9.37,476,68.57,9.37,17.9
23.08.2011,23,8,2011,22.4,11.03,9.37,476,68.57,9.37,13.6
24.08.2011,24,8,2011,22.4,11.03,9.37,476,68.57,9.37,9.37
25.08.2011,25,8,2011,22.4,11.03,9.37,476,68.57,9.37,20.1
26.08.2011,26,8,2011,22.4,11.03,9.37,476,68.57,9.37,14.7
27.08.2011,27,8,2011,22.4,11.03,9.37,476,68.57,9.37,14.1
28.08.2011,28,8,2011,22.4,11.03,9.37,476,68.57,9.37,15.3
29.08.2011,29,8,2011,22.4,11.03,9.37,476,68.57,9.37,15
30.08.2011,30,8,2011,22.4,11.03,9.37,476,68.57,9.37,15.7
31.08.2011,31,8,2011,22.4,11.03,9.37,476,68.57,9.37,15
1.09.2011,1,9,2011,17.6,11.06,9.7,476,68.57,9.37,14.1
2.09.2011,2,9,2011,17.6,11.06,9.7,476,68.57,9.37,14.1
3.09.2011,3,9,2011,17.6,11.06,9.7,476,68.57,9.37,15.3
4.09.2011,4,9,2011,17.6,11.06,9.7,476,68.57,9.37,14.7
5.09.2011,5,9,2011,17.6,11.06,9.7,476,68.57,9.37,13.2
6.09.2011,6,9,2011,17.6,11.06,9.7,476,68.57,9.37,9.7
7.09.2011,7,9,2011,17.6,11.06,9.7,476,68.57,9.37,14.7
8.09.2011,8,9,2011,17.6,11.06,9.7,476,68.57,9.37,14.7
9.09.2011,9,9,2011,17.6,11.06,9.7,476,68.57,9.37,14.7
10.09.2011,10,9,2011,17.6,11.06,9.7,476,68.57,9.37,14.1
11.09.2011,11,9,2011,17.6,11.06,9.7,476,68.57,9.37,13.2
12.09.2011,12,9,2011,17.6,11.06,9.7,476,68.57,9.37,13.2
13.09.2011,13,9,2011,17.6,11.06,9.7,476,68.57,9.37,13.5
14.09.2011,14,9,2011,17.6,11.06,9.7,476,68.57,9.37,13.5
15.09.2011,15,9,2011,17.6,11.06,9.7,476,68.57,9.37,13.8
16.09.2011,16,9,2011,17.6,11.06,9.7,476,68.57,9.37,13.8
17.09.2011,17,9,2011,17.6,11.06,9.7,476,68.57,9.37,14.1
18.09.2011,18,9,2011,17.6,11.06,9.7,476,68.57,9.37,13.8
19.09.2011,19,9,2011,17.6,11.06,9.7,476,68.57,9.37,13.8
20.09.2011,20,9,2011,17.6,11.06,9.7,476,68.57,9.37,14.1
21.09.2011,21,9,2011,17.6,11.06,9.7,476,68.57,9.37,14.1
22.09.2011,22,9,2011,17.6,11.06,9.7,476,68.57,9.37,14.4
23.09.2011,23,9,2011,17.6,11.06,9.7,476,68.57,9.37,15.3
24.09.2011,24,9,2011,17.6,11.06,9.7,476,68.57,9.37,16.5
25.09.2011,25,9,2011,17.6,11.06,9.7,476,68.57,9.37,17.6
26.09.2011,26,9,2011,17.6,11.06,9.7,476,68.57,9.37,17.6
27.09.2011,27,9,2011,17.6,11.06,9.7,476,68.57,9.37,17.3
28.09.2011,28,9,2011,17.6,11.06,9.7,476,68.57,9.37,17.3
29.09.2011,29,9,2011,17.6,11.06,9.7,476,68.57,9.37,17.3
30.09.2011,30,9,2011,17.6,11.06,9.7,476,68.57,9.37,17.6
1.10.2011,1,10,2011,21.8,18.25,14.1,546,57.87,9.70,20.5
2.10.2011,2,10,2011,21.8,18.25,14.1,546,57.87,9.70,19.6
3.10.2011,3,10,2011,21.8,18.25,14.1,546,57.87,9.70,18
4.10.2011,4,10,2011,21.8,18.25,14.1,546,57.87,9.70,18
5.10.2011,5,10,2011,21.8,18.25,14.1,546,57.87,9.70,18
6.10.2011,6,10,2011,21.8,18.25,14.1,546,57.87,9.70,18
7.10.2011,7,10,2011,21.8,18.25,14.1,546,57.87,9.70,17.6
8.10.2011,8,10,2011,21.8,18.25,14.1,546,57.87,9.70,18
9.10.2011,9,10,2011,21.8,18.25,14.1,546,57.87,9.70,18.8
10.10.2011,10,10,2011,21.8,18.25,14.1,546,57.87,9.70,19.2
11.10.2011,11,10,2011,21.8,18.25,14.1,546,57.87,9.70,19.2
12.10.2011,12,10,2011,21.8,18.25,14.1,546,57.87,9.70,20.1
13.10.2011,13,10,2011,21.8,18.25,14.1,546,57.87,9.70,20.5
14.10.2011,14,10,2011,21.8,18.25,14.1,546,57.87,9.70,20.1
15.10.2011,15,10,2011,21.8,18.25,14.1,546,57.87,9.70,19.6
16.10.2011,16,10,2011,21.8,18.25,14.1,546,57.87,9.70,20.1
17.10.2011,17,10,2011,21.8,18.25,14.1,546,57.87,9.70,20.5
18.10.2011,18,10,2011,21.8,18.25,14.1,546,57.87,9.70,20.5
19.10.2011,19,10,2011,21.8,18.25,14.1,546,57.87,9.70,21.8
20.10.2011,20,10,2011,21.8,18.25,14.1,546,57.87,9.70,21.8
21.10.2011,21,10,2011,21.8,18.25,14.1,546,57.87,9.70,21.4
22.10.2011,22,10,2011,21.8,18.25,14.1,546,57.87,9.70,14.1
23.10.2011,23,10,2011,21.8,18.25,14.1,546,57.87,9.70,20.1
24.10.2011,24,10,2011,21.8,18.25,14.1,546,57.87,9.70,20.9
25.10.2011,25,10,2011,21.8,18.25,14.1,546,57.87,9.70,20.5
26.10.2011,26,10,2011,21.8,18.25,14.1,546,57.87,9.70,20.5
27.10.2011,27,10,2011,21.8,18.25,14.1,546,57.87,9.70,20.5
28.10.2011,28,10,2011,21.8,18.25,14.1,546,57.87,9.70,20.5
29.10.2011,29,10,2011,21.8,18.25,14.1,546,57.87,9.70,20.5
30.10.2011,30,10,2011,21.8,18.25,14.1,546,57.87,9.70,20.5
31.10.2011,31,10,2011,21.8,18.25,14.1,546,57.87,9.70,20.5
1.11.2011,1,11,2011,21.8,21.95,16.9,546,57.87,9.70,20.5
2.11.2011,2,11,2011,21.8,21.95,16.9,546,57.87,9.70,21.8
3.11.2011,3,11,2011,21.8,21.95,16.9,546,57.87,9.70,16.9
4.11.2011,4,11,2011,21.8,21.95,16.9,546,57.87,9.70,19.2
5.11.2011,5,11,2011,21.8,21.95,16.9,546,57.87,9.70,19.6
6.11.2011,6,11,2011,21.8,21.95,16.9,546,57.87,9.70,19.6
7.11.2011,7,11,2011,21.8,21.95,16.9,546,57.87,9.70,19.2
8.11.2011,8,11,2011,21.8,21.95,16.9,546,57.87,9.70,18.8
9.11.2011,9,11,2011,21.8,21.95,16.9,546,57.87,9.70,18.8
10.11.2011,10,11,2011,21.8,21.95,16.9,546,57.87,9.70,18.4
11.11.2011,11,11,2011,21.8,21.95,16.9,546,57.87,9.70,18.4
12.11.2011,12,11,2011,21.8,21.95,16.9,546,57.87,9.70,18.4
13.11.2011,13,11,2011,21.8,21.95,16.9,546,57.87,9.70,18.4
14.11.2011,14,11,2011,21.8,21.95,16.9,546,57.87,9.70,18.4
15.11.2011,15,11,2011,21.8,21.95,16.9,546,57.87,9.70,18.4
16.11.2011,16,11,2011,21.8,21.95,16.9,546,57.87,9.70,18.4
17.11.2011,17,11,2011,21.8,21.95,16.9,546,57.87,9.70,18
18.11.2011,18,11,2011,21.8,21.95,16.9,546,57.87,9.70,18.4
19.11.2011,19,11,2011,21.8,21.95,16.9,546,57.87,9.70,18.4
20.11.2011,20,11,2011,21.8,21.95,16.9,546,57.87,9.70,18.4
21.11.2011,21,11,2011,21.8,21.95,16.9,546,57.87,9.70,17.6
22.11.2011,22,11,2011,21.8,21.95,16.9,546,57.87,9.70,17.6
23.11.2011,23,11,2011,21.8,21.95,16.9,546,57.87,9.70,18.8
24.11.2011,24,11,2011,21.8,21.95,16.9,546,57.87,9.70,18.8
25.11.2011,25,11,2011,21.8,21.95,16.9,546,57.87,9.70,18.8
26.11.2011,26,11,2011,21.8,21.95,16.9,546,57.87,9.70,20.5
27.11.2011,27,11,2011,21.8,21.95,16.9,546,57.87,9.70,21.8
28.11.2011,28,11,2011,21.8,21.95,16.9,546,57.87,9.70,20.9
29.11.2011,29,11,2011,21.8,21.95,16.9,546,57.87,9.70,20.5
30.11.2011,30,11,2011,21.8,21.95,16.9,546,57.87,9.70,20.5
1.12.2011,1,12,2011,20.5,32.19,19.2,546,57.87,9.70,20.5
2.12.2011,2,12,2011,20.5,32.19,19.2,546,57.87,9.70,20.5
3.12.2011,3,12,2011,20.5,32.19,19.2,546,57.87,9.70,20.1
4.12.2011,4,12,2011,20.5,32.19,19.2,546,57.87,9.70,19.6
5.12.2011,5,12,2011,20.5,32.19,19.2,546,57.87,9.70,19.6
6.12.2011,6,12,2011,20.5,32.19,19.2,546,57.87,9.70,19.2
7.12.2011,7,12,2011,20.5,32.19,19.2,546,57.87,9.70,19.2
8.12.2011,8,12,2011,20.5,32.19,19.2,546,57.87,9.70,20.5
9.12.2011,9,12,2011,20.5,32.19,19.2,546,57.87,9.70,20.5
10.12.2011,10,12,2011,20.5,32.19,19.2,546,57.87,9.70,20.5
11.12.2011,11,12,2011,20.5,32.19,19.2,546,57.87,9.70,20.5
12.12.2011,12,12,2011,20.5,32.19,19.2,546,57.87,9.70,20.1
13.12.2011,13,12,2011,20.5,32.19,19.2,546,57.87,9.70,20.1
14.12.2011,14,12,2011,20.5,32.19,19.2,546,57.87,9.70,20.1
15.12.2011,15,12,2011,20.5,32.19,19.2,546,57.87,9.70,19.6
16.12.2011,16,12,2011,20.5,32.19,19.2,546,57.87,9.70,19.6
17.12.2011,17,12,2011,20.5,32.19,19.2,546,57.87,9.70,20.1
18.12.2011,18,12,2011,20.5,32.19,19.2,546,57.87,9.70,19.6
19.12.2011,19,12,2011,20.5,32.19,19.2,546,57.87,9.70,20.1
20.12.2011,20,12,2011,20.5,32.19,19.2,546,57.87,9.70,20.1
21.12.2011,21,12,2011,20.5,32.19,19.2,546,57.87,9.70,20.1
22.12.2011,22,12,2011,20.5,32.19,19.2,546,57.87,9.70,19.6
23.12.2011,23,12,2011,20.5,32.19,19.2,546,57.87,9.70,19.6
24.12.2011,24,12,2011,20.5,32.19,19.2,546,57.87,9.70,20.1
25.12.2011,25,12,2011,20.5,32.19,19.2,546,57.87,9.70,20.1
26.12.2011,26,12,2011,20.5,32.19,19.2,546,57.87,9.70,20.1
27.12.2011,27,12,2011,20.5,32.19,19.2,546,57.87,9.70,19.6
28.12.2011,28,12,2011,20.5,32.19,19.2,546,57.87,9.70,19.2
29.12.2011,29,12,2011,20.5,32.19,19.2,546,57.87,9.70,19.6
30.12.2011,30,12,2011,20.5,32.19,19.2,546,57.87,9.70,20.1
31.12.2011,31,12,2011,20.5,32.19,19.2,546,57.87,9.70,20.1
1.01.2012,1,1,2012,20.5,34.95,9.7,546,57.87,9.70,20.1
2.01.2012,2,1,2012,20.5,34.95,9.7,546,57.87,9.70,20.1
3.01.2012,3,1,2012,20.5,34.95,9.7,546,57.87,9.70,20.1
4.01.2012,4,1,2012,20.5,34.95,9.7,546,57.87,9.70,20.1
5.01.2012,5,1,2012,20.5,34.95,9.7,546,57.87,9.70,19.6
6.01.2012,6,1,2012,20.5,34.95,9.7,546,57.87,9.70,19.6
7.01.2012,7,1,2012,20.5,34.95,9.7,546,57.87,9.70,19.6
8.01.2012,8,1,2012,20.5,34.95,9.7,546,57.87,9.70,19.6
9.01.2012,9,1,2012,20.5,34.95,9.7,546,57.87,9.70,19.6
10.01.2012,10,1,2012,20.5,34.95,9.7,546,57.87,9.70,19.6
11.01.2012,11,1,2012,20.5,34.95,9.7,546,57.87,9.70,19.6
12.01.2012,12,1,2012,20.5,34.95,9.7,546,57.87,9.70,19.6
13.01.2012,13,1,2012,20.5,34.95,9.7,546,57.87,9.70,19.6
14.01.2012,14,1,2012,20.5,34.95,9.7,546,57.87,9.70,19.6
15.01.2012,15,1,2012,20.5,34.95,9.7,546,57.87,9.70,20.1
16.01.2012,16,1,2012,20.5,34.95,9.7,546,57.87,9.70,19.6
17.01.2012,17,1,2012,20.5,34.95,9.7,546,57.87,9.70,17.3
18.01.2012,18,1,2012,20.5,34.95,9.7,546,57.87,9.70,13.8
19.01.2012,19,1,2012,20.5,34.95,9.7,546,57.87,9.70,9.7
20.01.2012,20,1,2012,20.5,34.95,9.7,546,57.87,9.70,13.8
21.01.2012,21,1,2012,20.5,34.95,9.7,546,57.87,9.70,14.4
22.01.2012,22,1,2012,20.5,34.95,9.7,546,57.87,9.70,13.8
23.01.2012,23,1,2012,20.5,34.95,9.7,546,57.87,9.70,16.9
24.01.2012,24,1,2012,20.5,34.95,9.7,546,57.87,9.70,18.4
25.01.2012,25,1,2012,20.5,34.95,9.7,546,57.87,9.70,18.8
26.01.2012,26,1,2012,20.5,34.95,9.7,546,57.87,9.70,18.8
27.01.2012,27,1,2012,20.5,34.95,9.7,546,57.87,9.70,18.8
28.01.2012,28,1,2012,20.5,34.95,9.7,546,57.87,9.70,18.8
29.01.2012,29,1,2012,20.5,34.95,9.7,546,57.87,9.70,18.4
30.01.2012,30,1,2012,20.5,34.95,9.7,546,57.87,9.70,20.5
31.01.2012,31,1,2012,20.5,34.95,9.7,546,57.87,9.70,16.9
1.02.2012,1,2,2012,72.4,45.47,11.8,546,57.87,9.70,14.7
2.02.2012,2,2,2012,72.4,45.47,11.8,546,57.87,9.70,12.9
3.02.2012,3,2,2012,72.4,45.47,11.8,546,57.87,9.70,11.8
4.02.2012,4,2,2012,72.4,45.47,11.8,546,57.87,9.70,11.8
5.02.2012,5,2,2012,72.4,45.47,11.8,546,57.87,9.70,13.8
6.02.2012,6,2,2012,72.4,45.47,11.8,546,57.87,9.70,15.7
7.02.2012,7,2,2012,72.4,45.47,11.8,546,57.87,9.70,17.6
8.02.2012,8,2,2012,72.4,45.47,11.8,546,57.87,9.70,18.8
9.02.2012,9,2,2012,72.4,45.47,11.8,546,57.87,9.70,20.1
10.02.2012,10,2,2012,72.4,45.47,11.8,546,57.87,9.70,19.6
11.02.2012,11,2,2012,72.4,45.47,11.8,546,57.87,9.70,18.8
12.02.2012,12,2,2012,72.4,45.47,11.8,546,57.87,9.70,18
13.02.2012,13,2,2012,72.4,45.47,11.8,546,57.87,9.70,16.9
14.02.2012,14,2,2012,72.4,45.47,11.8,546,57.87,9.70,16.9
15.02.2012,15,2,2012,72.4,45.47,11.8,546,57.87,9.70,20.1
16.02.2012,16,2,2012,72.4,45.47,11.8,546,57.87,9.70,22.2
17.02.2012,17,2,2012,72.4,45.47,11.8,546,57.87,9.70,24
18.02.2012,18,2,2012,72.4,45.47,11.8,546,57.87,9.70,23.5
19.02.2012,19,2,2012,72.4,45.47,11.8,546,57.87,9.70,22.2
20.02.2012,20,2,2012,72.4,45.47,11.8,546,57.87,9.70,21.8
21.02.2012,21,2,2012,72.4,45.47,11.8,546,57.87,9.70,20.1
22.02.2012,22,2,2012,72.4,45.47,11.8,546,57.87,9.70,18.4
23.02.2012,23,2,2012,72.4,45.47,11.8,546,57.87,9.70,17.6
24.02.2012,24,2,2012,72.4,45.47,11.8,546,57.87,9.70,17.3
25.02.2012,25,2,2012,72.4,45.47,11.8,546,57.87,9.70,19.6
26.02.2012,26,2,2012,72.4,45.47,11.8,546,57.87,9.70,22.6
27.02.2012,27,2,2012,72.4,45.47,11.8,546,57.87,9.70,26.2
28.02.2012,28,2,2012,72.4,45.47,11.8,546,57.87,9.70,27.7
29.02.2012,29,2,2012,72.4,45.47,11.8,546,57.87,9.70,72.4
1.03.2012,1,3,2012,120,119.83,30,546,57.87,9.70,30
2.03.2012,2,3,2012,120,119.83,30,546,57.87,9.70,31.2
3.03.2012,3,3,2012,120,119.83,30,546,57.87,9.70,30.6
4.03.2012,4,3,2012,120,119.83,30,546,57.87,9.70,30.6
5.03.2012,5,3,2012,120,119.83,30,546,57.87,9.70,32.3
6.03.2012,6,3,2012,120,119.83,30,546,57.87,9.70,33.5
7.03.2012,7,3,2012,120,119.83,30,546,57.87,9.70,36.1
8.03.2012,8,3,2012,120,119.83,30,546,57.87,9.70,34.1
9.03.2012,9,3,2012,120,119.83,30,546,57.87,9.70,34.1
10.03.2012,10,3,2012,120,119.83,30,546,57.87,9.70,34.1
11.03.2012,11,3,2012,120,119.83,30,546,57.87,9.70,32.9
12.03.2012,12,3,2012,120,119.83,30,546,57.87,9.70,34.1
13.03.2012,13,3,2012,120,119.83,30,546,57.87,9.70,36.1
14.03.2012,14,3,2012,120,119.83,30,546,57.87,9.70,40.1
15.03.2012,15,3,2012,120,119.83,30,546,57.87,9.70,44.9
16.03.2012,16,3,2012,120,119.83,30,546,57.87,9.70,53.8
17.03.2012,17,3,2012,120,119.83,30,546,57.87,9.70,57.6
18.03.2012,18,3,2012,120,119.83,30,546,57.87,9.70,56.7
19.03.2012,19,3,2012,120,119.83,30,546,57.87,9.70,58.6
20.03.2012,20,3,2012,120,119.83,30,546,57.87,9.70,57.6
21.03.2012,21,3,2012,120,119.83,30,546,57.87,9.70,59.5
22.03.2012,22,3,2012,120,119.83,30,546,57.87,9.70,63.7
23.03.2012,23,3,2012,120,119.83,30,546,57.87,9.70,72.4
24.03.2012,24,3,2012,120,119.83,30,546,57.87,9.70,78.4
25.03.2012,25,3,2012,120,119.83,30,546,57.87,9.70,83.3
26.03.2012,26,3,2012,120,119.83,30,546,57.87,9.70,91.1
27.03.2012,27,3,2012,120,119.83,30,546,57.87,9.70,107
28.03.2012,28,3,2012,120,119.83,30,546,57.87,9.70,119
29.03.2012,29,3,2012,120,119.83,30,546,57.87,9.70,119
30.03.2012,30,3,2012,120,119.83,30,546,57.87,9.70,113
31.03.2012,31,3,2012,120,119.83,30,546,57.87,9.70,120
1.04.2012,1,4,2012,546,178.18,131,546,57.87,9.70,131
2.04.2012,2,4,2012,546,178.18,131,546,57.87,9.70,150
3.04.2012,3,4,2012,546,178.18,131,546,57.87,9.70,181
4.04.2012,4,4,2012,546,178.18,131,546,57.87,9.70,234
5.04.2012,5,4,2012,546,178.18,131,546,57.87,9.70,267
6.04.2012,6,4,2012,546,178.18,131,546,57.87,9.70,306
7.04.2012,7,4,2012,546,178.18,131,546,57.87,9.70,358
8.04.2012,8,4,2012,546,178.18,131,546,57.87,9.70,423
9.04.2012,9,4,2012,546,178.18,131,546,57.87,9.70,546
10.04.2012,10,4,2012,546,178.18,131,546,57.87,9.70,531
11.04.2012,11,4,2012,546,178.18,131,546,57.87,9.70,496
12.04.2012,12,4,2012,546,178.18,131,546,57.87,9.70,442
13.04.2012,13,4,2012,546,178.18,131,546,57.87,9.70,392
14.04.2012,14,4,2012,546,178.18,131,546,57.87,9.70,343
15.04.2012,15,4,2012,546,178.18,131,546,57.87,9.70,311
16.04.2012,16,4,2012,546,178.18,131,546,57.87,9.70,317
17.04.2012,17,4,2012,546,178.18,131,546,57.87,9.70,337
18.04.2012,18,4,2012,546,178.18,131,546,57.87,9.70,337
19.04.2012,19,4,2012,546,178.18,131,546,57.87,9.70,306
20.04.2012,20,4,2012,546,178.18,131,546,57.87,9.70,289
21.04.2012,21,4,2012,546,178.18,131,546,57.87,9.70,289
22.04.2012,22,4,2012,546,178.18,131,546,57.87,9.70,262
23.04.2012,23,4,2012,546,178.18,131,546,57.87,9.70,241
24.04.2012,24,4,2012,546,178.18,131,546,57.87,9.70,231
25.04.2012,25,4,2012,546,178.18,131,546,57.87,9.70,214
26.04.2012,26,4,2012,546,178.18,131,546,57.87,9.70,200
27.04.2012,27,4,2012,546,178.18,131,546,57.87,9.70,188
28.04.2012,28,4,2012,546,178.18,131,546,57.87,9.70,176
29.04.2012,29,4,2012,546,178.18,131,546,57.87,9.70,166
30.04.2012,30,4,2012,546,178.18,131,546,57.87,9.70,162
1.05.2012,1,5,2012,171,105.63,102,546,57.87,9.70,158
2.05.2012,2,5,2012,171,105.63,102,546,57.87,9.70,151
3.05.2012,3,5,2012,171,105.63,102,546,57.87,9.70,147
4.05.2012,4,5,2012,171,105.63,102,546,57.87,9.70,149
5.05.2012,5,5,2012,171,105.63,102,546,57.87,9.70,156
6.05.2012,6,5,2012,171,105.63,102,546,57.87,9.70,162
7.05.2012,7,5,2012,171,105.63,102,546,57.87,9.70,169
8.05.2012,8,5,2012,171,105.63,102,546,57.87,9.70,171
9.05.2012,9,5,2012,171,105.63,102,546,57.87,9.70,160
10.05.2012,10,5,2012,171,105.63,102,546,57.87,9.70,147
11.05.2012,11,5,2012,171,105.63,102,546,57.87,9.70,139
12.05.2012,12,5,2012,171,105.63,102,546,57.87,9.70,133
13.05.2012,13,5,2012,171,105.63,102,546,57.87,9.70,129
14.05.2012,14,5,2012,171,105.63,102,546,57.87,9.70,135
15.05.2012,15,5,2012,171,105.63,102,546,57.87,9.70,127
16.05.2012,16,5,2012,171,105.63,102,546,57.87,9.70,123
17.05.2012,17,5,2012,171,105.63,102,546,57.87,9.70,118
18.05.2012,18,5,2012,171,105.63,102,546,57.87,9.70,110
19.05.2012,19,5,2012,171,105.63,102,546,57.87,9.70,105
20.05.2012,20,5,2012,171,105.63,102,546,57.87,9.70,102
21.05.2012,21,5,2012,171,105.63,102,546,57.87,9.70,114
22.05.2012,22,5,2012,171,105.63,102,546,57.87,9.70,143
23.05.2012,23,5,2012,171,105.63,102,546,57.87,9.70,133
24.05.2012,24,5,2012,171,105.63,102,546,57.87,9.70,121
25.05.2012,25,5,2012,171,105.63,102,546,57.87,9.70,118
26.05.2012,26,5,2012,171,105.63,102,546,57.87,9.70,116
27.05.2012,27,5,2012,171,105.63,102,546,57.87,9.70,114
28.05.2012,28,5,2012,171,105.63,102,546,57.87,9.70,114
29.05.2012,29,5,2012,171,105.63,102,546,57.87,9.70,109
30.05.2012,30,5,2012,171,105.63,102,546,57.87,9.70,110
31.05.2012,31,5,2012,171,105.63,102,546,57.87,9.70,109
1.06.2012,1,6,2012,105,54.32,33.5,546,57.87,9.70,105
2.06.2012,2,6,2012,105,54.32,33.5,546,57.87,9.70,102
3.06.2012,3,6,2012,105,54.32,33.5,546,57.87,9.70,95.4
4.06.2012,4,6,2012,105,54.32,33.5,546,57.87,9.70,92.2
5.06.2012,5,6,2012,105,54.32,33.5,546,57.87,9.70,86.2
6.06.2012,6,6,2012,105,54.32,33.5,546,57.87,9.70,83.4
7.06.2012,7,6,2012,105,54.32,33.5,546,57.87,9.70,79.2
8.06.2012,8,6,2012,105,54.32,33.5,546,57.87,9.70,77.8
9.06.2012,9,6,2012,105,54.32,33.5,546,57.87,9.70,79.2
10.06.2012,10,6,2012,105,54.32,33.5,546,57.87,9.70,76.4
11.06.2012,11,6,2012,105,54.32,33.5,546,57.87,9.70,71.4
12.06.2012,12,6,2012,105,54.32,33.5,546,57.87,9.70,67.8
13.06.2012,13,6,2012,105,54.32,33.5,546,57.87,9.70,61.9
14.06.2012,14,6,2012,105,54.32,33.5,546,57.87,9.70,56.1
15.06.2012,15,6,2012,105,54.32,33.5,546,57.87,9.70,53.8
16.06.2012,16,6,2012,105,54.32,33.5,546,57.87,9.70,51.5
17.06.2012,17,6,2012,105,54.32,33.5,546,57.87,9.70,47.5
18.06.2012,18,6,2012,105,54.32,33.5,546,57.87,9.70,45.5
19.06.2012,19,6,2012,105,54.32,33.5,546,57.87,9.70,43.5
20.06.2012,20,6,2012,105,54.32,33.5,546,57.87,9.70,40.7
21.06.2012,21,6,2012,105,54.32,33.5,546,57.87,9.70,39.1
22.06.2012,22,6,2012,105,54.32,33.5,546,57.87,9.70,40.7
23.06.2012,23,6,2012,105,54.32,33.5,546,57.87,9.70,41.5
24.06.2012,24,6,2012,105,54.32,33.5,546,57.87,9.70,43.5
25.06.2012,25,6,2012,105,54.32,33.5,546,57.87,9.70,44.5
26.06.2012,26,6,2012,105,54.32,33.5,546,57.87,9.70,44.5
27.06.2012,27,6,2012,105,54.32,33.5,546,57.87,9.70,39.1
28.06.2012,28,6,2012,105,54.32,33.5,546,57.87,9.70,38.3
29.06.2012,29,6,2012,105,54.32,33.5,546,57.87,9.70,35.1
30.06.2012,30,6,2012,105,54.32,33.5,546,57.87,9.70,33.5
1.07.2012,1,7,2012,39.1,20.67,12.4,546,57.87,9.70,32.1
2.07.2012,2,7,2012,39.1,20.67,12.4,546,57.87,9.70,30.6
3.07.2012,3,7,2012,39.1,20.67,12.4,546,57.87,9.70,35.1
4.07.2012,4,7,2012,39.1,20.67,12.4,546,57.87,9.70,39.1
5.07.2012,5,7,2012,39.1,20.67,12.4,546,57.87,9.70,38.3
6.07.2012,6,7,2012,39.1,20.67,12.4,546,57.87,9.70,35.1
7.07.2012,7,7,2012,39.1,20.67,12.4,546,57.87,9.70,34.3
8.07.2012,8,7,2012,39.1,20.67,12.4,546,57.87,9.70,32.1
9.07.2012,9,7,2012,39.1,20.67,12.4,546,57.87,9.70,32.1
10.07.2012,10,7,2012,39.1,20.67,12.4,546,57.87,9.70,29.9
11.07.2012,11,7,2012,39.1,20.67,12.4,546,57.87,9.70,30.6
12.07.2012,12,7,2012,39.1,20.67,12.4,546,57.87,9.70,27
13.07.2012,13,7,2012,39.1,20.67,12.4,546,57.87,9.70,25.7
14.07.2012,14,7,2012,39.1,20.67,12.4,546,57.87,9.70,24.5
15.07.2012,15,7,2012,39.1,20.67,12.4,546,57.87,9.70,23.3
16.07.2012,16,7,2012,39.1,20.67,12.4,546,57.87,9.70,21.5
17.07.2012,17,7,2012,39.1,20.67,12.4,546,57.87,9.70,20.3
18.07.2012,18,7,2012,39.1,20.67,12.4,546,57.87,9.70,19.4
19.07.2012,19,7,2012,39.1,20.67,12.4,546,57.87,9.70,19.4
20.07.2012,20,7,2012,39.1,20.67,12.4,546,57.87,9.70,18.5
21.07.2012,21,7,2012,39.1,20.67,12.4,546,57.87,9.70,19
22.07.2012,22,7,2012,39.1,20.67,12.4,546,57.87,9.70,18.5
23.07.2012,23,7,2012,39.1,20.67,12.4,546,57.87,9.70,17.2
24.07.2012,24,7,2012,39.1,20.67,12.4,546,57.87,9.70,16.3
25.07.2012,25,7,2012,39.1,20.67,12.4,546,57.87,9.70,15.8
26.07.2012,26,7,2012,39.1,20.67,12.4,546,57.87,9.70,14.5
27.07.2012,27,7,2012,39.1,20.67,12.4,546,57.87,9.70,14.5
28.07.2012,28,7,2012,39.1,20.67,12.4,546,57.87,9.70,13.7
29.07.2012,29,7,2012,39.1,20.67,12.4,546,57.87,9.70,13.2
30.07.2012,30,7,2012,39.1,20.67,12.4,546,57.87,9.70,12.4
31.07.2012,31,7,2012,39.1,20.67,12.4,546,57.87,9.70,13.2
1.08.2012,1,8,2012,18.1,11.03,9.93,546,57.87,9.70,13.7
2.08.2012,2,8,2012,18.1,11.03,9.93,546,57.87,9.70,12.4
3.08.2012,3,8,2012,18.1,11.03,9.93,546,57.87,9.70,10.9
4.08.2012,4,8,2012,18.1,11.03,9.93,546,57.87,9.70,12.4
5.08.2012,5,8,2012,18.1,11.03,9.93,546,57.87,9.70,10.2
6.08.2012,6,8,2012,18.1,11.03,9.93,546,57.87,9.70,11.9
7.08.2012,7,8,2012,18.1,11.03,9.93,546,57.87,9.70,9.93
8.08.2012,8,8,2012,18.1,11.03,9.93,546,57.87,9.70,9.93
9.08.2012,9,8,2012,18.1,11.03,9.93,546,57.87,9.70,10.9
10.08.2012,10,8,2012,18.1,11.03,9.93,546,57.87,9.70,9.93
11.08.2012,11,8,2012,18.1,11.03,9.93,546,57.87,9.70,9.93
12.08.2012,12,8,2012,18.1,11.03,9.93,546,57.87,9.70,10.9
13.08.2012,13,8,2012,18.1,11.03,9.93,546,57.87,9.70,10.6
14.08.2012,14,8,2012,18.1,11.03,9.93,546,57.87,9.70,13.7
15.08.2012,15,8,2012,18.1,11.03,9.93,546,57.87,9.70,13.2
16.08.2012,16,8,2012,18.1,11.03,9.93,546,57.87,9.70,15.8
17.08.2012,17,8,2012,18.1,11.03,9.93,546,57.87,9.70,16.3
18.08.2012,18,8,2012,18.1,11.03,9.93,546,57.87,9.70,16.3
19.08.2012,19,8,2012,18.1,11.03,9.93,546,57.87,9.70,16.7
20.08.2012,20,8,2012,18.1,11.03,9.93,546,57.87,9.70,17.6
21.08.2012,21,8,2012,18.1,11.03,9.93,546,57.87,9.70,18.1
22.08.2012,22,8,2012,18.1,11.03,9.93,546,57.87,9.70,18.1
23.08.2012,23,8,2012,18.1,11.03,9.93,546,57.87,9.70,17.2
24.08.2012,24,8,2012,18.1,11.03,9.93,546,57.87,9.70,16.3
25.08.2012,25,8,2012,18.1,11.03,9.93,546,57.87,9.70,15.8
26.08.2012,26,8,2012,18.1,11.03,9.93,546,57.87,9.70,15.8
27.08.2012,27,8,2012,18.1,11.03,9.93,546,57.87,9.70,15.8
28.08.2012,28,8,2012,18.1,11.03,9.93,546,57.87,9.70,16.3
29.08.2012,29,8,2012,18.1,11.03,9.93,546,57.87,9.70,15.4
30.08.2012,30,8,2012,18.1,11.03,9.93,546,57.87,9.70,14.9
31.08.2012,31,8,2012,18.1,11.03,9.93,546,57.87,9.70,14.9
1.09.2012,1,9,2012,18.5,11.06,14.5,546,57.87,9.70,14.9
2.09.2012,2,9,2012,18.5,11.06,14.5,546,57.87,9.70,14.9
3.09.2012,3,9,2012,18.5,11.06,14.5,546,57.87,9.70,14.5
4.09.2012,4,9,2012,18.5,11.06,14.5,546,57.87,9.70,14.9
5.09.2012,5,9,2012,18.5,11.06,14.5,546,57.87,9.70,15.8
6.09.2012,6,9,2012,18.5,11.06,14.5,546,57.87,9.70,16.7
7.09.2012,7,9,2012,18.5,11.06,14.5,546,57.87,9.70,18.5
8.09.2012,8,9,2012,18.5,11.06,14.5,546,57.87,9.70,16.7
9.09.2012,9,9,2012,18.5,11.06,14.5,546,57.87,9.70,16.3
10.09.2012,10,9,2012,18.5,11.06,14.5,546,57.87,9.70,16.3
11.09.2012,11,9,2012,18.5,11.06,14.5,546,57.87,9.70,16.3
12.09.2012,12,9,2012,18.5,11.06,14.5,546,57.87,9.70,16.7
13.09.2012,13,9,2012,18.5,11.06,14.5,546,57.87,9.70,16.3
14.09.2012,14,9,2012,18.5,11.06,14.5,546,57.87,9.70,16.3
15.09.2012,15,9,2012,18.5,11.06,14.5,546,57.87,9.70,17.2
16.09.2012,16,9,2012,18.5,11.06,14.5,546,57.87,9.70,16.3
17.09.2012,17,9,2012,18.5,11.06,14.5,546,57.87,9.70,15.4
18.09.2012,18,9,2012,18.5,11.06,14.5,546,57.87,9.70,14.9
19.09.2012,19,9,2012,18.5,11.06,14.5,546,57.87,9.70,14.9
20.09.2012,20,9,2012,18.5,11.06,14.5,546,57.87,9.70,15.4
21.09.2012,21,9,2012,18.5,11.06,14.5,546,57.87,9.70,15.4
22.09.2012,22,9,2012,18.5,11.06,14.5,546,57.87,9.70,15.8
23.09.2012,23,9,2012,18.5,11.06,14.5,546,57.87,9.70,16.3
24.09.2012,24,9,2012,18.5,11.06,14.5,546,57.87,9.70,16.7
25.09.2012,25,9,2012,18.5,11.06,14.5,546,57.87,9.70,16.7
26.09.2012,26,9,2012,18.5,11.06,14.5,546,57.87,9.70,16.7
27.09.2012,27,9,2012,18.5,11.06,14.5,546,57.87,9.70,16.7
28.09.2012,28,9,2012,18.5,11.06,14.5,546,57.87,9.70,16.7
29.09.2012,29,9,2012,18.5,11.06,14.5,546,57.87,9.70,16.7
30.09.2012,30,9,2012,18.5,11.06,14.5,546,57.87,9.70,17.2
1.10.2012,1,10,2012,20.9,18.25,14.1,340,69.84,3.37,14.1
2.10.2012,2,10,2012,20.9,18.25,14.1,340,69.84,3.37,14.5
3.10.2012,3,10,2012,20.9,18.25,14.1,340,69.84,3.37,14.9
4.10.2012,4,10,2012,20.9,18.25,14.1,340,69.84,3.37,14.9
5.10.2012,5,10,2012,20.9,18.25,14.1,340,69.84,3.37,15.8
6.10.2012,6,10,2012,20.9,18.25,14.1,340,69.84,3.37,16.3
7.10.2012,7,10,2012,20.9,18.25,14.1,340,69.84,3.37,16.3
8.10.2012,8,10,2012,20.9,18.25,14.1,340,69.84,3.37,16.7
9.10.2012,9,10,2012,20.9,18.25,14.1,340,69.84,3.37,17.2
10.10.2012,10,10,2012,20.9,18.25,14.1,340,69.84,3.37,17.2
11.10.2012,11,10,2012,20.9,18.25,14.1,340,69.84,3.37,19.4
12.10.2012,12,10,2012,20.9,18.25,14.1,340,69.84,3.37,20.3
13.10.2012,13,10,2012,20.9,18.25,14.1,340,69.84,3.37,20.9
14.10.2012,14,10,2012,20.9,18.25,14.1,340,69.84,3.37,19.4
15.10.2012,15,10,2012,20.9,18.25,14.1,340,69.84,3.37,19
16.10.2012,16,10,2012,20.9,18.25,14.1,340,69.84,3.37,19
17.10.2012,17,10,2012,20.9,18.25,14.1,340,69.84,3.37,19
18.10.2012,18,10,2012,20.9,18.25,14.1,340,69.84,3.37,18.5
19.10.2012,19,10,2012,20.9,18.25,14.1,340,69.84,3.37,17.6
20.10.2012,20,10,2012,20.9,18.25,14.1,340,69.84,3.37,17.6
21.10.2012,21,10,2012,20.9,18.25,14.1,340,69.84,3.37,18.5
22.10.2012,22,10,2012,20.9,18.25,14.1,340,69.84,3.37,19.4
23.10.2012,23,10,2012,20.9,18.25,14.1,340,69.84,3.37,18.5
24.10.2012,24,10,2012,20.9,18.25,14.1,340,69.84,3.37,18.1
25.10.2012,25,10,2012,20.9,18.25,14.1,340,69.84,3.37,18.1
26.10.2012,26,10,2012,20.9,18.25,14.1,340,69.84,3.37,18.1
27.10.2012,27,10,2012,20.9,18.25,14.1,340,69.84,3.37,18.1
28.10.2012,28,10,2012,20.9,18.25,14.1,340,69.84,3.37,18.1
29.10.2012,29,10,2012,20.9,18.25,14.1,340,69.84,3.37,17.2
30.10.2012,30,10,2012,20.9,18.25,14.1,340,69.84,3.37,17.6
31.10.2012,31,10,2012,20.9,18.25,14.1,340,69.84,3.37,18.5
1.11.2012,1,11,2012,52.7,21.95,13.7,340,69.84,3.37,18.1
2.11.2012,2,11,2012,52.7,21.95,13.7,340,69.84,3.37,18.5
3.11.2012,3,11,2012,52.7,21.95,13.7,340,69.84,3.37,19.4
4.11.2012,4,11,2012,52.7,21.95,13.7,340,69.84,3.37,18.5
5.11.2012,5,11,2012,52.7,21.95,13.7,340,69.84,3.37,18.5
6.11.2012,6,11,2012,52.7,21.95,13.7,340,69.84,3.37,15.8
7.11.2012,7,11,2012,52.7,21.95,13.7,340,69.84,3.37,13.7
8.11.2012,8,11,2012,52.7,21.95,13.7,340,69.84,3.37,22.1
9.11.2012,9,11,2012,52.7,21.95,13.7,340,69.84,3.37,20.3
10.11.2012,10,11,2012,52.7,21.95,13.7,340,69.84,3.37,22.7
11.11.2012,11,11,2012,52.7,21.95,13.7,340,69.84,3.37,21.5
12.11.2012,12,11,2012,52.7,21.95,13.7,340,69.84,3.37,33.5
13.11.2012,13,11,2012,52.7,21.95,13.7,340,69.84,3.37,52.7
14.11.2012,14,11,2012,52.7,21.95,13.7,340,69.84,3.37,38.3
15.11.2012,15,11,2012,52.7,21.95,13.7,340,69.84,3.37,40.7
16.11.2012,16,11,2012,52.7,21.95,13.7,340,69.84,3.37,36.7
17.11.2012,17,11,2012,52.7,21.95,13.7,340,69.84,3.37,30.6
18.11.2012,18,11,2012,52.7,21.95,13.7,340,69.84,3.37,27
19.11.2012,19,11,2012,52.7,21.95,13.7,340,69.84,3.37,25.1
20.11.2012,20,11,2012,52.7,21.95,13.7,340,69.84,3.37,24.5
21.11.2012,21,11,2012,52.7,21.95,13.7,340,69.84,3.37,23.3
22.11.2012,22,11,2012,52.7,21.95,13.7,340,69.84,3.37,22.1
23.11.2012,23,11,2012,52.7,21.95,13.7,340,69.84,3.37,22.1
24.11.2012,24,11,2012,52.7,21.95,13.7,340,69.84,3.37,22.1
25.11.2012,25,11,2012,52.7,21.95,13.7,340,69.84,3.37,22.7
26.11.2012,26,11,2012,52.7,21.95,13.7,340,69.84,3.37,22.1
27.11.2012,27,11,2012,52.7,21.95,13.7,340,69.84,3.37,23.3
28.11.2012,28,11,2012,52.7,21.95,13.7,340,69.84,3.37,22.7
29.11.2012,29,11,2012,52.7,21.95,13.7,340,69.84,3.37,23.3
30.11.2012,30,11,2012,52.7,21.95,13.7,340,69.84,3.37,22.7
1.12.2012,1,12,2012,79.2,32.19,21.5,340,69.84,3.37,22.7
2.12.2012,2,12,2012,79.2,32.19,21.5,340,69.84,3.37,21.5
3.12.2012,3,12,2012,79.2,32.19,21.5,340,69.84,3.37,22.1
4.12.2012,4,12,2012,79.2,32.19,21.5,340,69.84,3.37,23.9
5.12.2012,5,12,2012,79.2,32.19,21.5,340,69.84,3.37,24.5
6.12.2012,6,12,2012,79.2,32.19,21.5,340,69.84,3.37,28.5
7.12.2012,7,12,2012,79.2,32.19,21.5,340,69.84,3.37,36.7
8.12.2012,8,12,2012,79.2,32.19,21.5,340,69.84,3.37,36.7
9.12.2012,9,12,2012,79.2,32.19,21.5,340,69.84,3.37,35.9
10.12.2012,10,12,2012,79.2,32.19,21.5,340,69.84,3.37,36.7
11.12.2012,11,12,2012,79.2,32.19,21.5,340,69.84,3.37,35.9
12.12.2012,12,12,2012,79.2,32.19,21.5,340,69.84,3.37,36.7
13.12.2012,13,12,2012,79.2,32.19,21.5,340,69.84,3.37,42.5
14.12.2012,14,12,2012,79.2,32.19,21.5,340,69.84,3.37,46.5
15.12.2012,15,12,2012,79.2,32.19,21.5,340,69.84,3.37,47.5
16.12.2012,16,12,2012,79.2,32.19,21.5,340,69.84,3.37,46.5
17.12.2012,17,12,2012,79.2,32.19,21.5,340,69.84,3.37,45.5
18.12.2012,18,12,2012,79.2,32.19,21.5,340,69.84,3.37,44.5
19.12.2012,19,12,2012,79.2,32.19,21.5,340,69.84,3.37,47.5
20.12.2012,20,12,2012,79.2,32.19,21.5,340,69.84,3.37,49.5
21.12.2012,21,12,2012,79.2,32.19,21.5,340,69.84,3.37,49.5
22.12.2012,22,12,2012,79.2,32.19,21.5,340,69.84,3.37,50.5
23.12.2012,23,12,2012,79.2,32.19,21.5,340,69.84,3.37,57.3
24.12.2012,24,12,2012,79.2,32.19,21.5,340,69.84,3.37,60.7
25.12.2012,25,12,2012,79.2,32.19,21.5,340,69.84,3.37,67.8
26.12.2012,26,12,2012,79.2,32.19,21.5,340,69.84,3.37,79.2
27.12.2012,27,12,2012,79.2,32.19,21.5,340,69.84,3.37,79.2
28.12.2012,28,12,2012,79.2,32.19,21.5,340,69.84,3.37,72.6
29.12.2012,29,12,2012,79.2,32.19,21.5,340,69.84,3.37,69
30.12.2012,30,12,2012,79.2,32.19,21.5,340,69.84,3.37,66.6
31.12.2012,31,12,2012,79.2,32.19,21.5,340,69.84,3.37,64.2
1.01.2013,1,1,2013,109,34.95,47.5,340,69.84,3.37,61.9
2.01.2013,2,1,2013,109,34.95,47.5,340,69.84,3.37,59.6
3.01.2013,3,1,2013,109,34.95,47.5,340,69.84,3.37,57.3
4.01.2013,4,1,2013,109,34.95,47.5,340,69.84,3.37,56.1
5.01.2013,5,1,2013,109,34.95,47.5,340,69.84,3.37,56.1
6.01.2013,6,1,2013,109,34.95,47.5,340,69.84,3.37,55
7.01.2013,7,1,2013,109,34.95,47.5,340,69.84,3.37,55
8.01.2013,8,1,2013,109,34.95,47.5,340,69.84,3.37,53.8
9.01.2013,9,1,2013,109,34.95,47.5,340,69.84,3.37,51.5
10.01.2013,10,1,2013,109,34.95,47.5,340,69.84,3.37,50.5
11.01.2013,11,1,2013,109,34.95,47.5,340,69.84,3.37,48.5
12.01.2013,12,1,2013,109,34.95,47.5,340,69.84,3.37,48.5
13.01.2013,13,1,2013,109,34.95,47.5,340,69.84,3.37,48.5
14.01.2013,14,1,2013,109,34.95,47.5,340,69.84,3.37,49.5
15.01.2013,15,1,2013,109,34.95,47.5,340,69.84,3.37,49.5
16.01.2013,16,1,2013,109,34.95,47.5,340,69.84,3.37,48.5
17.01.2013,17,1,2013,109,34.95,47.5,340,69.84,3.37,48.5
18.01.2013,18,1,2013,109,34.95,47.5,340,69.84,3.37,47.5
19.01.2013,19,1,2013,109,34.95,47.5,340,69.84,3.37,48.5
20.01.2013,20,1,2013,109,34.95,47.5,340,69.84,3.37,48.5
21.01.2013,21,1,2013,109,34.95,47.5,340,69.84,3.37,47.5
22.01.2013,22,1,2013,109,34.95,47.5,340,69.84,3.37,48.5
23.01.2013,23,1,2013,109,34.95,47.5,340,69.84,3.37,49.5
24.01.2013,24,1,2013,109,34.95,47.5,340,69.84,3.37,52.7
25.01.2013,25,1,2013,109,34.95,47.5,340,69.84,3.37,65.4
26.01.2013,26,1,2013,109,34.95,47.5,340,69.84,3.37,73.8
27.01.2013,27,1,2013,109,34.95,47.5,340,69.84,3.37,83.4
28.01.2013,28,1,2013,109,34.95,47.5,340,69.84,3.37,97
29.01.2013,29,1,2013,109,34.95,47.5,340,69.84,3.37,105
30.01.2013,30,1,2013,109,34.95,47.5,340,69.84,3.37,109
31.01.2013,31,1,2013,109,34.95,47.5,340,69.84,3.37,105
1.02.2013,1,2,2013,145,45.47,84.8,340,69.84,3.37,100
2.02.2013,2,2,2013,145,45.47,84.8,340,69.84,3.37,95.4
3.02.2013,3,2,2013,145,45.47,84.8,340,69.84,3.37,90.6
4.02.2013,4,2,2013,145,45.47,84.8,340,69.84,3.37,87.6
5.02.2013,5,2,2013,145,45.47,84.8,340,69.84,3.37,84.8
6.02.2013,6,2,2013,145,45.47,84.8,340,69.84,3.37,84.8
7.02.2013,7,2,2013,145,45.47,84.8,340,69.84,3.37,87.6
8.02.2013,8,2,2013,145,45.47,84.8,340,69.84,3.37,92.2
9.02.2013,9,2,2013,145,45.47,84.8,340,69.84,3.37,97
10.02.2013,10,2,2013,145,45.47,84.8,340,69.84,3.37,102
11.02.2013,11,2,2013,145,45.47,84.8,340,69.84,3.37,118
12.02.2013,12,2,2013,145,45.47,84.8,340,69.84,3.37,129
13.02.2013,13,2,2013,145,45.47,84.8,340,69.84,3.37,135
14.02.2013,14,2,2013,145,45.47,84.8,340,69.84,3.37,133
15.02.2013,15,2,2013,145,45.47,84.8,340,69.84,3.37,127
16.02.2013,16,2,2013,145,45.47,84.8,340,69.84,3.37,121
17.02.2013,17,2,2013,145,45.47,84.8,340,69.84,3.37,119
18.02.2013,18,2,2013,145,45.47,84.8,340,69.84,3.37,118
19.02.2013,19,2,2013,145,45.47,84.8,340,69.84,3.37,114
20.02.2013,20,2,2013,145,45.47,84.8,340,69.84,3.37,112
21.02.2013,21,2,2013,145,45.47,84.8,340,69.84,3.37,107
22.02.2013,22,2,2013,145,45.47,84.8,340,69.84,3.37,107
23.02.2013,23,2,2013,145,45.47,84.8,340,69.84,3.37,103
24.02.2013,24,2,2013,145,45.47,84.8,340,69.84,3.37,107
25.02.2013,25,2,2013,145,45.47,84.8,340,69.84,3.37,112
26.02.2013,26,2,2013,145,45.47,84.8,340,69.84,3.37,125
27.02.2013,27,2,2013,145,45.47,84.8,340,69.84,3.37,137
28.02.2013,28,2,2013,145,45.47,84.8,340,69.84,3.37,145
1.03.2013,1,3,2013,340,119.83,127,340,69.84,3.37,160
2.03.2013,2,3,2013,340,119.83,127,340,69.84,3.37,178
3.03.2013,3,3,2013,340,119.83,127,340,69.84,3.37,169
4.03.2013,4,3,2013,340,119.83,127,340,69.84,3.37,158
5.03.2013,5,3,2013,340,119.83,127,340,69.84,3.37,151
6.03.2013,6,3,2013,340,119.83,127,340,69.84,3.37,147
7.03.2013,7,3,2013,340,119.83,127,340,69.84,3.37,139
8.03.2013,8,3,2013,340,119.83,127,340,69.84,3.37,135
9.03.2013,9,3,2013,340,119.83,127,340,69.84,3.37,129
10.03.2013,10,3,2013,340,119.83,127,340,69.84,3.37,127
11.03.2013,11,3,2013,340,119.83,127,340,69.84,3.37,129
12.03.2013,12,3,2013,340,119.83,127,340,69.84,3.37,139
13.03.2013,13,3,2013,340,119.83,127,340,69.84,3.37,178
14.03.2013,14,3,2013,340,119.83,127,340,69.84,3.37,231
15.03.2013,15,3,2013,340,119.83,127,340,69.84,3.37,297
16.03.2013,16,3,2013,340,119.83,127,340,69.84,3.37,295
17.03.2013,17,3,2013,340,119.83,127,340,69.84,3.37,320
18.03.2013,18,3,2013,340,119.83,127,340,69.84,3.37,340
19.03.2013,19,3,2013,340,119.83,127,340,69.84,3.37,303
20.03.2013,20,3,2013,340,119.83,127,340,69.84,3.37,239
21.03.2013,21,3,2013,340,119.83,127,340,69.84,3.37,210
22.03.2013,22,3,2013,340,119.83,127,340,69.84,3.37,195
23.03.2013,23,3,2013,340,119.83,127,340,69.84,3.37,195
24.03.2013,24,3,2013,340,119.83,127,340,69.84,3.37,200
25.03.2013,25,3,2013,340,119.83,127,340,69.84,3.37,200
26.03.2013,26,3,2013,340,119.83,127,340,69.84,3.37,188
27.03.2013,27,3,2013,340,119.83,127,340,69.84,3.37,176
28.03.2013,28,3,2013,340,119.83,127,340,69.84,3.37,174
29.03.2013,29,3,2013,340,119.83,127,340,69.84,3.37,183
30.03.2013,30,3,2013,340,119.83,127,340,69.84,3.37,205
31.03.2013,31,3,2013,340,119.83,127,340,69.84,3.37,219
1.04.2013,1,4,2013,249,178.18,149,340,69.84,3.37,210
2.04.2013,2,4,2013,249,178.18,149,340,69.84,3.37,207
3.04.2013,3,4,2013,249,178.18,149,340,69.84,3.37,226
4.04.2013,4,4,2013,249,178.18,149,340,69.84,3.37,249
5.04.2013,5,4,2013,249,178.18,149,340,69.84,3.37,236
6.04.2013,6,4,2013,249,178.18,149,340,69.84,3.37,229
7.04.2013,7,4,2013,249,178.18,149,340,69.84,3.37,222
8.04.2013,8,4,2013,249,178.18,149,340,69.84,3.37,207
9.04.2013,9,4,2013,249,178.18,149,340,69.84,3.37,198
10.04.2013,10,4,2013,249,178.18,149,340,69.84,3.37,198
11.04.2013,11,4,2013,249,178.18,149,340,69.84,3.37,188
12.04.2013,12,4,2013,249,178.18,149,340,69.84,3.37,181
13.04.2013,13,4,2013,249,178.18,149,340,69.84,3.37,174
14.04.2013,14,4,2013,249,178.18,149,340,69.84,3.37,160
15.04.2013,15,4,2013,249,178.18,149,340,69.84,3.37,156
16.04.2013,16,4,2013,249,178.18,149,340,69.84,3.37,154
17.04.2013,17,4,2013,249,178.18,149,340,69.84,3.37,162
18.04.2013,18,4,2013,249,178.18,149,340,69.84,3.37,207
19.04.2013,19,4,2013,249,178.18,149,340,69.84,3.37,234
20.04.2013,20,4,2013,249,178.18,149,340,69.84,3.37,217
21.04.2013,21,4,2013,249,178.18,149,340,69.84,3.37,210
22.04.2013,22,4,2013,249,178.18,149,340,69.84,3.37,207
23.04.2013,23,4,2013,249,178.18,149,340,69.84,3.37,202
24.04.2013,24,4,2013,249,178.18,149,340,69.84,3.37,188
25.04.2013,25,4,2013,249,178.18,149,340,69.84,3.37,178
26.04.2013,26,4,2013,249,178.18,149,340,69.84,3.37,169
27.04.2013,27,4,2013,249,178.18,149,340,69.84,3.37,162
28.04.2013,28,4,2013,249,178.18,149,340,69.84,3.37,158
29.04.2013,29,4,2013,249,178.18,149,340,69.84,3.37,154
30.04.2013,30,4,2013,249,178.18,149,340,69.84,3.37,149
1.05.2013,1,5,2013,145,105.63,71.4,340,69.84,3.37,145
2.05.2013,2,5,2013,145,105.63,71.4,340,69.84,3.37,145
3.05.2013,3,5,2013,145,105.63,71.4,340,69.84,3.37,141
4.05.2013,4,5,2013,145,105.63,71.4,340,69.84,3.37,133
5.05.2013,5,5,2013,145,105.63,71.4,340,69.84,3.37,127
6.05.2013,6,5,2013,145,105.63,71.4,340,69.84,3.37,121
7.05.2013,7,5,2013,145,105.63,71.4,340,69.84,3.37,118
8.05.2013,8,5,2013,145,105.63,71.4,340,69.84,3.37,112
9.05.2013,9,5,2013,145,105.63,71.4,340,69.84,3.37,112
10.05.2013,10,5,2013,145,105.63,71.4,340,69.84,3.37,112
11.05.2013,11,5,2013,145,105.63,71.4,340,69.84,3.37,110
12.05.2013,12,5,2013,145,105.63,71.4,340,69.84,3.37,110
13.05.2013,13,5,2013,145,105.63,71.4,340,69.84,3.37,116
14.05.2013,14,5,2013,145,105.63,71.4,340,69.84,3.37,119
15.05.2013,15,5,2013,145,105.63,71.4,340,69.84,3.37,118
16.05.2013,16,5,2013,145,105.63,71.4,340,69.84,3.37,116
17.05.2013,17,5,2013,145,105.63,71.4,340,69.84,3.37,114
18.05.2013,18,5,2013,145,105.63,71.4,340,69.84,3.37,109
19.05.2013,19,5,2013,145,105.63,71.4,340,69.84,3.37,105
20.05.2013,20,5,2013,145,105.63,71.4,340,69.84,3.37,105
21.05.2013,21,5,2013,145,105.63,71.4,340,69.84,3.37,105
22.05.2013,22,5,2013,145,105.63,71.4,340,69.84,3.37,100
23.05.2013,23,5,2013,145,105.63,71.4,340,69.84,3.37,97
24.05.2013,24,5,2013,145,105.63,71.4,340,69.84,3.37,95.4
25.05.2013,25,5,2013,145,105.63,71.4,340,69.84,3.37,89
26.05.2013,26,5,2013,145,105.63,71.4,340,69.84,3.37,86.2
27.05.2013,27,5,2013,145,105.63,71.4,340,69.84,3.37,80.6
28.05.2013,28,5,2013,145,105.63,71.4,340,69.84,3.37,79.2
29.05.2013,29,5,2013,145,105.63,71.4,340,69.84,3.37,76.4
30.05.2013,30,5,2013,145,105.63,71.4,340,69.84,3.37,73.8
31.05.2013,31,5,2013,145,105.63,71.4,340,69.84,3.37,71.4
1.06.2013,1,6,2013,69,54.32,27.7,340,69.84,3.37,69
2.06.2013,2,6,2013,69,54.32,27.7,340,69.84,3.37,67.8
3.06.2013,3,6,2013,69,54.32,27.7,340,69.84,3.37,64.2
4.06.2013,4,6,2013,69,54.32,27.7,340,69.84,3.37,60.7
5.06.2013,5,6,2013,69,54.32,27.7,340,69.84,3.37,59.6
6.06.2013,6,6,2013,69,54.32,27.7,340,69.84,3.37,59.6
7.06.2013,7,6,2013,69,54.32,27.7,340,69.84,3.37,58.4
8.06.2013,8,6,2013,69,54.32,27.7,340,69.84,3.37,59.6
9.06.2013,9,6,2013,69,54.32,27.7,340,69.84,3.37,59.6
10.06.2013,10,6,2013,69,54.32,27.7,340,69.84,3.37,60.7
11.06.2013,11,6,2013,69,54.32,27.7,340,69.84,3.37,58.4
12.06.2013,12,6,2013,69,54.32,27.7,340,69.84,3.37,58.4
13.06.2013,13,6,2013,69,54.32,27.7,340,69.84,3.37,55
14.06.2013,14,6,2013,69,54.32,27.7,340,69.84,3.37,51.5
15.06.2013,15,6,2013,69,54.32,27.7,340,69.84,3.37,50.5
16.06.2013,16,6,2013,69,54.32,27.7,340,69.84,3.37,48.5
17.06.2013,17,6,2013,69,54.32,27.7,340,69.84,3.37,48.5
18.06.2013,18,6,2013,69,54.32,27.7,340,69.84,3.37,46.5
19.06.2013,19,6,2013,69,54.32,27.7,340,69.84,3.37,44.5
20.06.2013,20,6,2013,69,54.32,27.7,340,69.84,3.37,43.5
21.06.2013,21,6,2013,69,54.32,27.7,340,69.84,3.37,42.5
22.06.2013,22,6,2013,69,54.32,27.7,340,69.84,3.37,41.5
23.06.2013,23,6,2013,69,54.32,27.7,340,69.84,3.37,39.9
24.06.2013,24,6,2013,69,54.32,27.7,340,69.84,3.37,37.5
25.06.2013,25,6,2013,69,54.32,27.7,340,69.84,3.37,35.9
26.06.2013,26,6,2013,69,54.32,27.7,340,69.84,3.37,33.5
27.06.2013,27,6,2013,69,54.32,27.7,340,69.84,3.37,31.3
28.06.2013,28,6,2013,69,54.32,27.7,340,69.84,3.37,29.9
29.06.2013,29,6,2013,69,54.32,27.7,340,69.84,3.37,29.2
30.06.2013,30,6,2013,69,54.32,27.7,340,69.84,3.37,27.7
1.07.2013,1,7,2013,27,20.67,5.8,340,69.84,3.37,27
2.07.2013,2,7,2013,27,20.67,5.8,340,69.84,3.37,25.7
3.07.2013,3,7,2013,27,20.67,5.8,340,69.84,3.37,23.9
4.07.2013,4,7,2013,27,20.67,5.8,340,69.84,3.37,23.3
5.07.2013,5,7,2013,27,20.67,5.8,340,69.84,3.37,22.7
6.07.2013,6,7,2013,27,20.67,5.8,340,69.84,3.37,22.1
7.07.2013,7,7,2013,27,20.67,5.8,340,69.84,3.37,21.5
8.07.2013,8,7,2013,27,20.67,5.8,340,69.84,3.37,20.3
9.07.2013,9,7,2013,27,20.67,5.8,340,69.84,3.37,19.9
10.07.2013,10,7,2013,27,20.67,5.8,340,69.84,3.37,19.4
11.07.2013,11,7,2013,27,20.67,5.8,340,69.84,3.37,18.5
12.07.2013,12,7,2013,27,20.67,5.8,340,69.84,3.37,18.5
13.07.2013,13,7,2013,27,20.67,5.8,340,69.84,3.37,18.1
14.07.2013,14,7,2013,27,20.67,5.8,340,69.84,3.37,18.1
15.07.2013,15,7,2013,27,20.67,5.8,340,69.84,3.37,18.1
16.07.2013,16,7,2013,27,20.67,5.8,340,69.84,3.37,18.1
17.07.2013,17,7,2013,27,20.67,5.8,340,69.84,3.37,16.7
18.07.2013,18,7,2013,27,20.67,5.8,340,69.84,3.37,14.9
19.07.2013,19,7,2013,27,20.67,5.8,340,69.84,3.37,18.5
20.07.2013,20,7,2013,27,20.67,5.8,340,69.84,3.37,17.2
21.07.2013,21,7,2013,27,20.67,5.8,340,69.84,3.37,18.1
22.07.2013,22,7,2013,27,20.67,5.8,340,69.84,3.37,22.1
23.07.2013,23,7,2013,27,20.67,5.8,340,69.84,3.37,19
24.07.2013,24,7,2013,27,20.67,5.8,340,69.84,3.37,18.1
25.07.2013,25,7,2013,27,20.67,5.8,340,69.84,3.37,17.6
26.07.2013,26,7,2013,27,20.67,5.8,340,69.84,3.37,17.2
27.07.2013,27,7,2013,27,20.67,5.8,340,69.84,3.37,17.2
28.07.2013,28,7,2013,27,20.67,5.8,340,69.84,3.37,8.98
29.07.2013,29,7,2013,27,20.67,5.8,340,69.84,3.37,5.8
30.07.2013,30,7,2013,27,20.67,5.8,340,69.84,3.37,11.5
31.07.2013,31,7,2013,27,20.67,5.8,340,69.84,3.37,13.2
1.08.2013,1,8,2013,19.4,11.03,3.37,340,69.84,3.37,10.2
2.08.2013,2,8,2013,19.4,11.03,3.37,340,69.84,3.37,10.2
3.08.2013,3,8,2013,19.4,11.03,3.37,340,69.84,3.37,11.2
4.08.2013,4,8,2013,19.4,11.03,3.37,340,69.84,3.37,14.9
5.08.2013,5,8,2013,19.4,11.03,3.37,340,69.84,3.37,19.4
6.08.2013,6,8,2013,19.4,11.03,3.37,340,69.84,3.37,11.9
7.08.2013,7,8,2013,19.4,11.03,3.37,340,69.84,3.37,14.9
8.08.2013,8,8,2013,19.4,11.03,3.37,340,69.84,3.37,15.4
9.08.2013,9,8,2013,19.4,11.03,3.37,340,69.84,3.37,14.9
10.08.2013,10,8,2013,19.4,11.03,3.37,340,69.84,3.37,13.2
11.08.2013,11,8,2013,19.4,11.03,3.37,340,69.84,3.37,13.2
12.08.2013,12,8,2013,19.4,11.03,3.37,340,69.84,3.37,12.4
13.08.2013,13,8,2013,19.4,11.03,3.37,340,69.84,3.37,6.31
14.08.2013,14,8,2013,19.4,11.03,3.37,340,69.84,3.37,4.32
15.08.2013,15,8,2013,19.4,11.03,3.37,340,69.84,3.37,4.32
16.08.2013,16,8,2013,19.4,11.03,3.37,340,69.84,3.37,4.88
17.08.2013,17,8,2013,19.4,11.03,3.37,340,69.84,3.37,3.66
18.08.2013,18,8,2013,19.4,11.03,3.37,340,69.84,3.37,3.52
19.08.2013,19,8,2013,19.4,11.03,3.37,340,69.84,3.37,3.52
20.08.2013,20,8,2013,19.4,11.03,3.37,340,69.84,3.37,3.37
21.08.2013,21,8,2013,19.4,11.03,3.37,340,69.84,3.37,3.37
22.08.2013,22,8,2013,19.4,11.03,3.37,340,69.84,3.37,3.52
23.08.2013,23,8,2013,19.4,11.03,3.37,340,69.84,3.37,3.81
24.08.2013,24,8,2013,19.4,11.03,3.37,340,69.84,3.37,3.95
25.08.2013,25,8,2013,19.4,11.03,3.37,340,69.84,3.37,7.59
26.08.2013,26,8,2013,19.4,11.03,3.37,340,69.84,3.37,7.08
27.08.2013,27,8,2013,19.4,11.03,3.37,340,69.84,3.37,11.5
28.08.2013,28,8,2013,19.4,11.03,3.37,340,69.84,3.37,4.14
29.08.2013,29,8,2013,19.4,11.03,3.37,340,69.84,3.37,4.51
30.08.2013,30,8,2013,19.4,11.03,3.37,340,69.84,3.37,4.88
31.08.2013,31,8,2013,19.4,11.03,3.37,340,69.84,3.37,4.14
1.09.2013,1,9,2013,13.2,11.06,4.51,340,69.84,3.37,7.08
2.09.2013,2,9,2013,13.2,11.06,4.51,340,69.84,3.37,7.84
3.09.2013,3,9,2013,13.2,11.06,4.51,340,69.84,3.37,6.82
4.09.2013,4,9,2013,13.2,11.06,4.51,340,69.84,3.37,8.67
5.09.2013,5,9,2013,13.2,11.06,4.51,340,69.84,3.37,13.2
6.09.2013,6,9,2013,13.2,11.06,4.51,340,69.84,3.37,9.61
7.09.2013,7,9,2013,13.2,11.06,4.51,340,69.84,3.37,8.1
8.09.2013,8,9,2013,13.2,11.06,4.51,340,69.84,3.37,8.98
9.09.2013,9,9,2013,13.2,11.06,4.51,340,69.84,3.37,8.98
10.09.2013,10,9,2013,13.2,11.06,4.51,340,69.84,3.37,8.67
11.09.2013,11,9,2013,13.2,11.06,4.51,340,69.84,3.37,8.98
12.09.2013,12,9,2013,13.2,11.06,4.51,340,69.84,3.37,8.98
13.09.2013,13,9,2013,13.2,11.06,4.51,340,69.84,3.37,8.67
14.09.2013,14,9,2013,13.2,11.06,4.51,340,69.84,3.37,8.67
15.09.2013,15,9,2013,13.2,11.06,4.51,340,69.84,3.37,8.35
16.09.2013,16,9,2013,13.2,11.06,4.51,340,69.84,3.37,8.35
17.09.2013,17,9,2013,13.2,11.06,4.51,340,69.84,3.37,10.2
18.09.2013,18,9,2013,13.2,11.06,4.51,340,69.84,3.37,10.9
19.09.2013,19,9,2013,13.2,11.06,4.51,340,69.84,3.37,9.3
20.09.2013,20,9,2013,13.2,11.06,4.51,340,69.84,3.37,7.84
21.09.2013,21,9,2013,13.2,11.06,4.51,340,69.84,3.37,6.31
22.09.2013,22,9,2013,13.2,11.06,4.51,340,69.84,3.37,5.43
23.09.2013,23,9,2013,13.2,11.06,4.51,340,69.84,3.37,5.8
24.09.2013,24,9,2013,13.2,11.06,4.51,340,69.84,3.37,7.33
25.09.2013,25,9,2013,13.2,11.06,4.51,340,69.84,3.37,7.08
26.09.2013,26,9,2013,13.2,11.06,4.51,340,69.84,3.37,7.33
27.09.2013,27,9,2013,13.2,11.06,4.51,340,69.84,3.37,5.25
28.09.2013,28,9,2013,13.2,11.06,4.51,340,69.84,3.37,4.88
29.09.2013,29,9,2013,13.2,11.06,4.51,340,69.84,3.37,4.51
30.09.2013,30,9,2013,13.2,11.06,4.51,340,69.84,3.37,4.88
1.10.2013,1,10,2013,22.2,18.25,1.34,71,19.39,1.34,1.34
2.10.2013,2,10,2013,22.2,18.25,1.34,71,19.39,1.34,1.39
3.10.2013,3,10,2013,22.2,18.25,1.34,71,19.39,1.34,1.45
4.10.2013,4,10,2013,22.2,18.25,1.34,71,19.39,1.34,1.44
5.10.2013,5,10,2013,22.2,18.25,1.34,71,19.39,1.34,1.44
6.10.2013,6,10,2013,22.2,18.25,1.34,71,19.39,1.34,1.43
7.10.2013,7,10,2013,22.2,18.25,1.34,71,19.39,1.34,1.55
8.10.2013,8,10,2013,22.2,18.25,1.34,71,19.39,1.34,1.53
9.10.2013,9,10,2013,22.2,18.25,1.34,71,19.39,1.34,7.86
10.10.2013,10,10,2013,22.2,18.25,1.34,71,19.39,1.34,7.86
11.10.2013,11,10,2013,22.2,18.25,1.34,71,19.39,1.34,7.86
12.10.2013,12,10,2013,22.2,18.25,1.34,71,19.39,1.34,20
13.10.2013,13,10,2013,22.2,18.25,1.34,71,19.39,1.34,20.7
14.10.2013,14,10,2013,22.2,18.25,1.34,71,19.39,1.34,22.2
15.10.2013,15,10,2013,22.2,18.25,1.34,71,19.39,1.34,20.7
16.10.2013,16,10,2013,22.2,18.25,1.34,71,19.39,1.34,20.7
17.10.2013,17,10,2013,22.2,18.25,1.34,71,19.39,1.34,20.7
18.10.2013,18,10,2013,22.2,18.25,1.34,71,19.39,1.34,20
19.10.2013,19,10,2013,22.2,18.25,1.34,71,19.39,1.34,20.7
20.10.2013,20,10,2013,22.2,18.25,1.34,71,19.39,1.34,18.5
21.10.2013,21,10,2013,22.2,18.25,1.34,71,19.39,1.34,19.2
22.10.2013,22,10,2013,22.2,18.25,1.34,71,19.39,1.34,19.2
23.10.2013,23,10,2013,22.2,18.25,1.34,71,19.39,1.34,20.7
24.10.2013,24,10,2013,22.2,18.25,1.34,71,19.39,1.34,16.4
25.10.2013,25,10,2013,22.2,18.25,1.34,71,19.39,1.34,12.8
26.10.2013,26,10,2013,22.2,18.25,1.34,71,19.39,1.34,14.6
27.10.2013,27,10,2013,22.2,18.25,1.34,71,19.39,1.34,12.8
28.10.2013,28,10,2013,22.2,18.25,1.34,71,19.39,1.34,13.4
29.10.2013,29,10,2013,22.2,18.25,1.34,71,19.39,1.34,14.6
30.10.2013,30,10,2013,22.2,18.25,1.34,71,19.39,1.34,15.2
31.10.2013,31,10,2013,22.2,18.25,1.34,71,19.39,1.34,13.4
1.11.2013,1,11,2013,25.3,21.95,9.21,71,19.39,1.34,15.2
2.11.2013,2,11,2013,25.3,21.95,9.21,71,19.39,1.34,13.4
3.11.2013,3,11,2013,25.3,21.95,9.21,71,19.39,1.34,12.8
4.11.2013,4,11,2013,25.3,21.95,9.21,71,19.39,1.34,14
5.11.2013,5,11,2013,25.3,21.95,9.21,71,19.39,1.34,19.2
6.11.2013,6,11,2013,25.3,21.95,9.21,71,19.39,1.34,18.5
7.11.2013,7,11,2013,25.3,21.95,9.21,71,19.39,1.34,20
8.11.2013,8,11,2013,25.3,21.95,9.21,71,19.39,1.34,19.2
9.11.2013,9,11,2013,25.3,21.95,9.21,71,19.39,1.34,18.5
10.11.2013,10,11,2013,25.3,21.95,9.21,71,19.39,1.34,18.5
11.11.2013,11,11,2013,25.3,21.95,9.21,71,19.39,1.34,20
12.11.2013,12,11,2013,25.3,21.95,9.21,71,19.39,1.34,20
13.11.2013,13,11,2013,25.3,21.95,9.21,71,19.39,1.34,20
14.11.2013,14,11,2013,25.3,21.95,9.21,71,19.39,1.34,20
15.11.2013,15,11,2013,25.3,21.95,9.21,71,19.39,1.34,15.8
16.11.2013,16,11,2013,25.3,21.95,9.21,71,19.39,1.34,11
17.11.2013,17,11,2013,25.3,21.95,9.21,71,19.39,1.34,10.6
18.11.2013,18,11,2013,25.3,21.95,9.21,71,19.39,1.34,11.6
19.11.2013,19,11,2013,25.3,21.95,9.21,71,19.39,1.34,11.6
20.11.2013,20,11,2013,25.3,21.95,9.21,71,19.39,1.34,9.21
21.11.2013,21,11,2013,25.3,21.95,9.21,71,19.39,1.34,13.4
22.11.2013,22,11,2013,25.3,21.95,9.21,71,19.39,1.34,14.6
23.11.2013,23,11,2013,25.3,21.95,9.21,71,19.39,1.34,14
24.11.2013,24,11,2013,25.3,21.95,9.21,71,19.39,1.34,22.2
25.11.2013,25,11,2013,25.3,21.95,9.21,71,19.39,1.34,22.2
26.11.2013,26,11,2013,25.3,21.95,9.21,71,19.39,1.34,24.4
27.11.2013,27,11,2013,25.3,21.95,9.21,71,19.39,1.34,25.3
28.11.2013,28,11,2013,25.3,21.95,9.21,71,19.39,1.34,25.3
29.11.2013,29,11,2013,25.3,21.95,9.21,71,19.39,1.34,25.3
30.11.2013,30,11,2013,25.3,21.95,9.21,71,19.39,1.34,24.4
1.12.2013,1,12,2013,42.9,32.19,10.6,71,19.39,1.34,27.2
2.12.2013,2,12,2013,42.9,32.19,10.6,71,19.39,1.34,30.8
3.12.2013,3,12,2013,42.9,32.19,10.6,71,19.39,1.34,29.9
4.12.2013,4,12,2013,42.9,32.19,10.6,71,19.39,1.34,31.8
5.12.2013,5,12,2013,42.9,32.19,10.6,71,19.39,1.34,30.8
6.12.2013,6,12,2013,42.9,32.19,10.6,71,19.39,1.34,29
7.12.2013,7,12,2013,42.9,32.19,10.6,71,19.39,1.34,23.7
8.12.2013,8,12,2013,42.9,32.19,10.6,71,19.39,1.34,25.3
9.12.2013,9,12,2013,42.9,32.19,10.6,71,19.39,1.34,22.9
10.12.2013,10,12,2013,42.9,32.19,10.6,71,19.39,1.34,22.9
11.12.2013,11,12,2013,42.9,32.19,10.6,71,19.39,1.34,23.7
12.12.2013,12,12,2013,42.9,32.19,10.6,71,19.39,1.34,42.9
13.12.2013,13,12,2013,42.9,32.19,10.6,71,19.39,1.34,29
14.12.2013,14,12,2013,42.9,32.19,10.6,71,19.39,1.34,34.6
15.12.2013,15,12,2013,42.9,32.19,10.6,71,19.39,1.34,28.1
16.12.2013,16,12,2013,42.9,32.19,10.6,71,19.39,1.34,16.4
17.12.2013,17,12,2013,42.9,32.19,10.6,71,19.39,1.34,10.6
18.12.2013,18,12,2013,42.9,32.19,10.6,71,19.39,1.34,15.8
19.12.2013,19,12,2013,42.9,32.19,10.6,71,19.39,1.34,20
20.12.2013,20,12,2013,42.9,32.19,10.6,71,19.39,1.34,21.4
21.12.2013,21,12,2013,42.9,32.19,10.6,71,19.39,1.34,22.2
22.12.2013,22,12,2013,42.9,32.19,10.6,71,19.39,1.34,22.2
23.12.2013,23,12,2013,42.9,32.19,10.6,71,19.39,1.34,22.2
24.12.2013,24,12,2013,42.9,32.19,10.6,71,19.39,1.34,22.2
25.12.2013,25,12,2013,42.9,32.19,10.6,71,19.39,1.34,18.5
26.12.2013,26,12,2013,42.9,32.19,10.6,71,19.39,1.34,15.2
27.12.2013,27,12,2013,42.9,32.19,10.6,71,19.39,1.34,14.6
28.12.2013,28,12,2013,42.9,32.19,10.6,71,19.39,1.34,14.6
29.12.2013,29,12,2013,42.9,32.19,10.6,71,19.39,1.34,21.4
30.12.2013,30,12,2013,42.9,32.19,10.6,71,19.39,1.34,28.1
31.12.2013,31,12,2013,42.9,32.19,10.6,71,19.39,1.34,28.1
1.01.2014,1,1,2014,32.7,34.95,13.4,71,19.39,1.34,29.9
2.01.2014,2,1,2014,32.7,34.95,13.4,71,19.39,1.34,27.2
3.01.2014,3,1,2014,32.7,34.95,13.4,71,19.39,1.34,32.7
4.01.2014,4,1,2014,32.7,34.95,13.4,71,19.39,1.34,31.8
5.01.2014,5,1,2014,32.7,34.95,13.4,71,19.39,1.34,32.7
6.01.2014,6,1,2014,32.7,34.95,13.4,71,19.39,1.34,28.1
7.01.2014,7,1,2014,32.7,34.95,13.4,71,19.39,1.34,26.2
8.01.2014,8,1,2014,32.7,34.95,13.4,71,19.39,1.34,29
9.01.2014,9,1,2014,32.7,34.95,13.4,71,19.39,1.34,29
10.01.2014,10,1,2014,32.7,34.95,13.4,71,19.39,1.34,30.8
11.01.2014,11,1,2014,32.7,34.95,13.4,71,19.39,1.34,25.3
12.01.2014,12,1,2014,32.7,34.95,13.4,71,19.39,1.34,24.4
13.01.2014,13,1,2014,32.7,34.95,13.4,71,19.39,1.34,24.4
14.01.2014,14,1,2014,32.7,34.95,13.4,71,19.39,1.34,26.2
15.01.2014,15,1,2014,32.7,34.95,13.4,71,19.39,1.34,21.4
16.01.2014,16,1,2014,32.7,34.95,13.4,71,19.39,1.34,20
17.01.2014,17,1,2014,32.7,34.95,13.4,71,19.39,1.34,17.7
18.01.2014,18,1,2014,32.7,34.95,13.4,71,19.39,1.34,17.7
19.01.2014,19,1,2014,32.7,34.95,13.4,71,19.39,1.34,13.4
20.01.2014,20,1,2014,32.7,34.95,13.4,71,19.39,1.34,15.8
21.01.2014,21,1,2014,32.7,34.95,13.4,71,19.39,1.34,22.2
22.01.2014,22,1,2014,32.7,34.95,13.4,71,19.39,1.34,25.3
23.01.2014,23,1,2014,32.7,34.95,13.4,71,19.39,1.34,26.2
24.01.2014,24,1,2014,32.7,34.95,13.4,71,19.39,1.34,23.7
25.01.2014,25,1,2014,32.7,34.95,13.4,71,19.39,1.34,20.7
26.01.2014,26,1,2014,32.7,34.95,13.4,71,19.39,1.34,17
27.01.2014,27,1,2014,32.7,34.95,13.4,71,19.39,1.34,20
28.01.2014,28,1,2014,32.7,34.95,13.4,71,19.39,1.34,20.7
29.01.2014,29,1,2014,32.7,34.95,13.4,71,19.39,1.34,19.2
30.01.2014,30,1,2014,32.7,34.95,13.4,71,19.39,1.34,19.2
31.01.2014,31,1,2014,32.7,34.95,13.4,71,19.39,1.34,25.3
1.02.2014,1,2,2014,39.8,45.47,9.21,71,19.39,1.34,22.2
2.02.2014,2,2,2014,39.8,45.47,9.21,71,19.39,1.34,12.2
3.02.2014,3,2,2014,39.8,45.47,9.21,71,19.39,1.34,38.8
4.02.2014,4,2,2014,39.8,45.47,9.21,71,19.39,1.34,39.8
5.02.2014,5,2,2014,39.8,45.47,9.21,71,19.39,1.34,32.7
6.02.2014,6,2,2014,39.8,45.47,9.21,71,19.39,1.34,17.7
7.02.2014,7,2,2014,39.8,45.47,9.21,71,19.39,1.34,17
8.02.2014,8,2,2014,39.8,45.47,9.21,71,19.39,1.34,15.8
9.02.2014,9,2,2014,39.8,45.47,9.21,71,19.39,1.34,9.21
10.02.2014,10,2,2014,39.8,45.47,9.21,71,19.39,1.34,13.4
11.02.2014,11,2,2014,39.8,45.47,9.21,71,19.39,1.34,21.4
12.02.2014,12,2,2014,39.8,45.47,9.21,71,19.39,1.34,26.2
13.02.2014,13,2,2014,39.8,45.47,9.21,71,19.39,1.34,20
14.02.2014,14,2,2014,39.8,45.47,9.21,71,19.39,1.34,21.4
15.02.2014,15,2,2014,39.8,45.47,9.21,71,19.39,1.34,20.7
16.02.2014,16,2,2014,39.8,45.47,9.21,71,19.39,1.34,17
17.02.2014,17,2,2014,39.8,45.47,9.21,71,19.39,1.34,18.5
18.02.2014,18,2,2014,39.8,45.47,9.21,71,19.39,1.34,19.2
19.02.2014,19,2,2014,39.8,45.47,9.21,71,19.39,1.34,22.2
20.02.2014,20,2,2014,39.8,45.47,9.21,71,19.39,1.34,19.2
21.02.2014,21,2,2014,39.8,45.47,9.21,71,19.39,1.34,21.4
22.02.2014,22,2,2014,39.8,45.47,9.21,71,19.39,1.34,17.7
23.02.2014,23,2,2014,39.8,45.47,9.21,71,19.39,1.34,9.66
24.02.2014,24,2,2014,39.8,45.47,9.21,71,19.39,1.34,15.2
25.02.2014,25,2,2014,39.8,45.47,9.21,71,19.39,1.34,27.2
26.02.2014,26,2,2014,39.8,45.47,9.21,71,19.39,1.34,30.8
27.02.2014,27,2,2014,39.8,45.47,9.21,71,19.39,1.34,26.2
28.02.2014,28,2,2014,39.8,45.47,9.21,71,19.39,1.34,29.9
1.03.2014,1,3,2014,70.6,119.83,14,71,19.39,1.34,14
2.03.2014,2,3,2014,70.6,119.83,14,71,19.39,1.34,20.7
3.03.2014,3,3,2014,70.6,119.83,14,71,19.39,1.34,31.8
4.03.2014,4,3,2014,70.6,119.83,14,71,19.39,1.34,28.1
5.03.2014,5,3,2014,70.6,119.83,14,71,19.39,1.34,22.2
6.03.2014,6,3,2014,70.6,119.83,14,71,19.39,1.34,19.2
7.03.2014,7,3,2014,70.6,119.83,14,71,19.39,1.34,23.7
8.03.2014,8,3,2014,70.6,119.83,14,71,19.39,1.34,19.2
9.03.2014,9,3,2014,70.6,119.83,14,71,19.39,1.34,17
10.03.2014,10,3,2014,70.6,119.83,14,71,19.39,1.34,43.9
11.03.2014,11,3,2014,70.6,119.83,14,71,19.39,1.34,45.1
12.03.2014,12,3,2014,70.6,119.83,14,71,19.39,1.34,70.6
13.03.2014,13,3,2014,70.6,119.83,14,71,19.39,1.34,55.6
14.03.2014,14,3,2014,70.6,119.83,14,71,19.39,1.34,41.8
15.03.2014,15,3,2014,70.6,119.83,14,71,19.39,1.34,52.1
16.03.2014,16,3,2014,70.6,119.83,14,71,19.39,1.34,69.3
17.03.2014,17,3,2014,70.6,119.83,14,71,19.39,1.34,64.3
18.03.2014,18,3,2014,70.6,119.83,14,71,19.39,1.34,53.3
19.03.2014,19,3,2014,70.6,119.83,14,71,19.39,1.34,34.6
20.03.2014,20,3,2014,70.6,119.83,14,71,19.39,1.34,30.8
21.03.2014,21,3,2014,70.6,119.83,14,71,19.39,1.34,36.7
22.03.2014,22,3,2014,70.6,119.83,14,71,19.39,1.34,45.1
23.03.2014,23,3,2014,70.6,119.83,14,71,19.39,1.34,29
24.03.2014,24,3,2014,70.6,119.83,14,71,19.39,1.34,33.6
25.03.2014,25,3,2014,70.6,119.83,14,71,19.39,1.34,39.8
26.03.2014,26,3,2014,70.6,119.83,14,71,19.39,1.34,47.4
27.03.2014,27,3,2014,70.6,119.83,14,71,19.39,1.34,43.9
28.03.2014,28,3,2014,70.6,119.83,14,71,19.39,1.34,42.9
29.03.2014,29,3,2014,70.6,119.83,14,71,19.39,1.34,37.7
30.03.2014,30,3,2014,70.6,119.83,14,71,19.39,1.34,30.8
31.03.2014,31,3,2014,70.6,119.83,14,71,19.39,1.34,46.2
1.04.2014,1,4,2014,50.9,178.18,17,71,19.39,1.34,40.8
2.04.2014,2,4,2014,50.9,178.18,17,71,19.39,1.34,33.6
3.04.2014,3,4,2014,50.9,178.18,17,71,19.39,1.34,39.8
4.04.2014,4,4,2014,50.9,178.18,17,71,19.39,1.34,46.2
5.04.2014,5,4,2014,50.9,178.18,17,71,19.39,1.34,43.9
6.04.2014,6,4,2014,50.9,178.18,17,71,19.39,1.34,19.2
7.04.2014,7,4,2014,50.9,178.18,17,71,19.39,1.34,50.9
8.04.2014,8,4,2014,50.9,178.18,17,71,19.39,1.34,48.6
9.04.2014,9,4,2014,50.9,178.18,17,71,19.39,1.34,41.8
10.04.2014,10,4,2014,50.9,178.18,17,71,19.39,1.34,34.6
11.04.2014,11,4,2014,50.9,178.18,17,71,19.39,1.34,41.8
12.04.2014,12,4,2014,50.9,178.18,17,71,19.39,1.34,41.8
13.04.2014,13,4,2014,50.9,178.18,17,71,19.39,1.34,17
14.04.2014,14,4,2014,50.9,178.18,17,71,19.39,1.34,45.1
15.04.2014,15,4,2014,50.9,178.18,17,71,19.39,1.34,37.7
16.04.2014,16,4,2014,50.9,178.18,17,71,19.39,1.34,34.6
17.04.2014,17,4,2014,50.9,178.18,17,71,19.39,1.34,34.6
18.04.2014,18,4,2014,50.9,178.18,17,71,19.39,1.34,36.7
19.04.2014,19,4,2014,50.9,178.18,17,71,19.39,1.34,38.8
20.04.2014,20,4,2014,50.9,178.18,17,71,19.39,1.34,22.2
21.04.2014,21,4,2014,50.9,178.18,17,71,19.39,1.34,35.7
22.04.2014,22,4,2014,50.9,178.18,17,71,19.39,1.34,38.8
23.04.2014,23,4,2014,50.9,178.18,17,71,19.39,1.34,43.9
24.04.2014,24,4,2014,50.9,178.18,17,71,19.39,1.34,42.9
25.04.2014,25,4,2014,50.9,178.18,17,71,19.39,1.34,35.7
26.04.2014,26,4,2014,50.9,178.18,17,71,19.39,1.34,27.2
27.04.2014,27,4,2014,50.9,178.18,17,71,19.39,1.34,20.7
28.04.2014,28,4,2014,50.9,178.18,17,71,19.39,1.34,27.2
29.04.2014,29,4,2014,50.9,178.18,17,71,19.39,1.34,27.2
30.04.2014,30,4,2014,50.9,178.18,17,71,19.39,1.34,31.8
1.05.2014,1,5,2014,34.6,105.63,10.6,71,19.39,1.34,33.6
2.05.2014,2,5,2014,34.6,105.63,10.6,71,19.39,1.34,32.7
3.05.2014,3,5,2014,34.6,105.63,10.6,71,19.39,1.34,27.2
4.05.2014,4,5,2014,34.6,105.63,10.6,71,19.39,1.34,10.6
5.05.2014,5,5,2014,34.6,105.63,10.6,71,19.39,1.34,23.7
6.05.2014,6,5,2014,34.6,105.63,10.6,71,19.39,1.34,34.6
7.05.2014,7,5,2014,34.6,105.63,10.6,71,19.39,1.34,32.7
8.05.2014,8,5,2014,34.6,105.63,10.6,71,19.39,1.34,23.7
9.05.2014,9,5,2014,34.6,105.63,10.6,71,19.39,1.34,20
10.05.2014,10,5,2014,34.6,105.63,10.6,71,19.39,1.34,26.2
11.05.2014,11,5,2014,34.6,105.63,10.6,71,19.39,1.34,17.7
12.05.2014,12,5,2014,34.6,105.63,10.6,71,19.39,1.34,19.2
13.05.2014,13,5,2014,34.6,105.63,10.6,71,19.39,1.34,25.3
14.05.2014,14,5,2014,34.6,105.63,10.6,71,19.39,1.34,23.7
15.05.2014,15,5,2014,34.6,105.63,10.6,71,19.39,1.34,25.3
16.05.2014,16,5,2014,34.6,105.63,10.6,71,19.39,1.34,21.4
17.05.2014,17,5,2014,34.6,105.63,10.6,71,19.39,1.34,20.7
18.05.2014,18,5,2014,34.6,105.63,10.6,71,19.39,1.34,12.2
19.05.2014,19,5,2014,34.6,105.63,10.6,71,19.39,1.34,10.6
20.05.2014,20,5,2014,34.6,105.63,10.6,71,19.39,1.34,22.2
21.05.2014,21,5,2014,34.6,105.63,10.6,71,19.39,1.34,22.2
22.05.2014,22,5,2014,34.6,105.63,10.6,71,19.39,1.34,21.4
23.05.2014,23,5,2014,34.6,105.63,10.6,71,19.39,1.34,22.2
24.05.2014,24,5,2014,34.6,105.63,10.6,71,19.39,1.34,21.4
25.05.2014,25,5,2014,34.6,105.63,10.6,71,19.39,1.34,15.2
26.05.2014,26,5,2014,34.6,105.63,10.6,71,19.39,1.34,15.2
27.05.2014,27,5,2014,34.6,105.63,10.6,71,19.39,1.34,28.1
28.05.2014,28,5,2014,34.6,105.63,10.6,71,19.39,1.34,25.3
29.05.2014,29,5,2014,34.6,105.63,10.6,71,19.39,1.34,25.3
30.05.2014,30,5,2014,34.6,105.63,10.6,71,19.39,1.34,27.2
31.05.2014,31,5,2014,34.6,105.63,10.6,71,19.39,1.34,29
1.06.2014,1,6,2014,41.8,54.32,4,71,19.39,1.34,17.7
2.06.2014,2,6,2014,41.8,54.32,4,71,19.39,1.34,15.8
3.06.2014,3,6,2014,41.8,54.32,4,71,19.39,1.34,26.2
4.06.2014,4,6,2014,41.8,54.32,4,71,19.39,1.34,38.8
5.06.2014,5,6,2014,41.8,54.32,4,71,19.39,1.34,35.7
6.06.2014,6,6,2014,41.8,54.32,4,71,19.39,1.34,32.7
7.06.2014,7,6,2014,41.8,54.32,4,71,19.39,1.34,41.8
8.06.2014,8,6,2014,41.8,54.32,4,71,19.39,1.34,16.4
9.06.2014,9,6,2014,41.8,54.32,4,71,19.39,1.34,17.7
10.06.2014,10,6,2014,41.8,54.32,4,71,19.39,1.34,29
11.06.2014,11,6,2014,41.8,54.32,4,71,19.39,1.34,28.1
12.06.2014,12,6,2014,41.8,54.32,4,71,19.39,1.34,27.2
13.06.2014,13,6,2014,41.8,54.32,4,71,19.39,1.34,25.3
14.06.2014,14,6,2014,41.8,54.32,4,71,19.39,1.34,24.4
15.06.2014,15,6,2014,41.8,54.32,4,71,19.39,1.34,15.8
16.06.2014,16,6,2014,41.8,54.32,4,71,19.39,1.34,13.4
17.06.2014,17,6,2014,41.8,54.32,4,71,19.39,1.34,22.9
18.06.2014,18,6,2014,41.8,54.32,4,71,19.39,1.34,19.2
19.06.2014,19,6,2014,41.8,54.32,4,71,19.39,1.34,18.5
20.06.2014,20,6,2014,41.8,54.32,4,71,19.39,1.34,18.5
21.06.2014,21,6,2014,41.8,54.32,4,71,19.39,1.34,15.2
22.06.2014,22,6,2014,41.8,54.32,4,71,19.39,1.34,9.66
23.06.2014,23,6,2014,41.8,54.32,4,71,19.39,1.34,9.66
24.06.2014,24,6,2014,41.8,54.32,4,71,19.39,1.34,19.2
25.06.2014,25,6,2014,41.8,54.32,4,71,19.39,1.34,14.6
26.06.2014,26,6,2014,41.8,54.32,4,71,19.39,1.34,14.6
27.06.2014,27,6,2014,41.8,54.32,4,71,19.39,1.34,10.1
28.06.2014,28,6,2014,41.8,54.32,4,71,19.39,1.34,4
29.06.2014,29,6,2014,41.8,54.32,4,71,19.39,1.34,4.55
30.06.2014,30,6,2014,41.8,54.32,4,71,19.39,1.34,4
1.07.2014,1,7,2014,8.76,20.67,1.7,71,19.39,1.34,7.42
2.07.2014,2,7,2014,8.76,20.67,1.7,71,19.39,1.34,7.86
3.07.2014,3,7,2014,8.76,20.67,1.7,71,19.39,1.34,8.76
4.07.2014,4,7,2014,8.76,20.67,1.7,71,19.39,1.34,7.86
5.07.2014,5,7,2014,8.76,20.67,1.7,71,19.39,1.34,4.82
6.07.2014,6,7,2014,8.76,20.67,1.7,71,19.39,1.34,2.02
7.07.2014,7,7,2014,8.76,20.67,1.7,71,19.39,1.34,2.21
8.07.2014,8,7,2014,8.76,20.67,1.7,71,19.39,1.34,5.16
9.07.2014,9,7,2014,8.76,20.67,1.7,71,19.39,1.34,6.18
10.07.2014,10,7,2014,8.76,20.67,1.7,71,19.39,1.34,5.16
11.07.2014,11,7,2014,8.76,20.67,1.7,71,19.39,1.34,5.16
12.07.2014,12,7,2014,8.76,20.67,1.7,71,19.39,1.34,5.16
13.07.2014,13,7,2014,8.76,20.67,1.7,71,19.39,1.34,4
14.07.2014,14,7,2014,8.76,20.67,1.7,71,19.39,1.34,4.55
15.07.2014,15,7,2014,8.76,20.67,1.7,71,19.39,1.34,3.24
16.07.2014,16,7,2014,8.76,20.67,1.7,71,19.39,1.34,4.27
17.07.2014,17,7,2014,8.76,20.67,1.7,71,19.39,1.34,4.27
18.07.2014,18,7,2014,8.76,20.67,1.7,71,19.39,1.34,4.27
19.07.2014,19,7,2014,8.76,20.67,1.7,71,19.39,1.34,5.5
20.07.2014,20,7,2014,8.76,20.67,1.7,71,19.39,1.34,3.72
21.07.2014,21,7,2014,8.76,20.67,1.7,71,19.39,1.34,4.27
22.07.2014,22,7,2014,8.76,20.67,1.7,71,19.39,1.34,3.24
23.07.2014,23,7,2014,8.76,20.67,1.7,71,19.39,1.34,3.01
24.07.2014,24,7,2014,8.76,20.67,1.7,71,19.39,1.34,4.55
25.07.2014,25,7,2014,8.76,20.67,1.7,71,19.39,1.34,4.55
26.07.2014,26,7,2014,8.76,20.67,1.7,71,19.39,1.34,4.27
27.07.2014,27,7,2014,8.76,20.67,1.7,71,19.39,1.34,3.72
28.07.2014,28,7,2014,8.76,20.67,1.7,71,19.39,1.34,2.39
29.07.2014,29,7,2014,8.76,20.67,1.7,71,19.39,1.34,2.02
30.07.2014,30,7,2014,8.76,20.67,1.7,71,19.39,1.34,1.7
31.07.2014,31,7,2014,8.76,20.67,1.7,71,19.39,1.34,1.7
1.08.2014,1,8,2014,13.4,11.03,1.54,71,19.39,1.34,1.54
2.08.2014,2,8,2014,13.4,11.03,1.54,71,19.39,1.34,1.54
3.08.2014,3,8,2014,13.4,11.03,1.54,71,19.39,1.34,2.02
4.08.2014,4,8,2014,13.4,11.03,1.54,71,19.39,1.34,2.02
5.08.2014,5,8,2014,13.4,11.03,1.54,71,19.39,1.34,3.45
6.08.2014,6,8,2014,13.4,11.03,1.54,71,19.39,1.34,6.18
7.08.2014,7,8,2014,13.4,11.03,1.54,71,19.39,1.34,4.55
8.08.2014,8,8,2014,13.4,11.03,1.54,71,19.39,1.34,5.5
9.08.2014,9,8,2014,13.4,11.03,1.54,71,19.39,1.34,5.16
10.08.2014,10,8,2014,13.4,11.03,1.54,71,19.39,1.34,5.16
11.08.2014,11,8,2014,13.4,11.03,1.54,71,19.39,1.34,4.82
12.08.2014,12,8,2014,13.4,11.03,1.54,71,19.39,1.34,4.82
13.08.2014,13,8,2014,13.4,11.03,1.54,71,19.39,1.34,5.16
14.08.2014,14,8,2014,13.4,11.03,1.54,71,19.39,1.34,6.18
15.08.2014,15,8,2014,13.4,11.03,1.54,71,19.39,1.34,4.55
16.08.2014,16,8,2014,13.4,11.03,1.54,71,19.39,1.34,4
17.08.2014,17,8,2014,13.4,11.03,1.54,71,19.39,1.34,5.5
18.08.2014,18,8,2014,13.4,11.03,1.54,71,19.39,1.34,4.82
19.08.2014,19,8,2014,13.4,11.03,1.54,71,19.39,1.34,11
20.08.2014,20,8,2014,13.4,11.03,1.54,71,19.39,1.34,11
21.08.2014,21,8,2014,13.4,11.03,1.54,71,19.39,1.34,13.4
22.08.2014,22,8,2014,13.4,11.03,1.54,71,19.39,1.34,12.2
23.08.2014,23,8,2014,13.4,11.03,1.54,71,19.39,1.34,5.16
24.08.2014,24,8,2014,13.4,11.03,1.54,71,19.39,1.34,7.42
25.08.2014,25,8,2014,13.4,11.03,1.54,71,19.39,1.34,6.97
26.08.2014,26,8,2014,13.4,11.03,1.54,71,19.39,1.34,7.86
27.08.2014,27,8,2014,13.4,11.03,1.54,71,19.39,1.34,5.5
28.08.2014,28,8,2014,13.4,11.03,1.54,71,19.39,1.34,4.82
29.08.2014,29,8,2014,13.4,11.03,1.54,71,19.39,1.34,4.82
30.08.2014,30,8,2014,13.4,11.03,1.54,71,19.39,1.34,4
31.08.2014,31,8,2014,13.4,11.03,1.54,71,19.39,1.34,3.24
1.09.2014,1,9,2014,15.8,11.06,1.7,71,19.39,1.34,3.45
2.09.2014,2,9,2014,15.8,11.06,1.7,71,19.39,1.34,3.24
3.09.2014,3,9,2014,15.8,11.06,1.7,71,19.39,1.34,2.21
4.09.2014,4,9,2014,15.8,11.06,1.7,71,19.39,1.34,1.87
5.09.2014,5,9,2014,15.8,11.06,1.7,71,19.39,1.34,1.87
6.09.2014,6,9,2014,15.8,11.06,1.7,71,19.39,1.34,1.87
7.09.2014,7,9,2014,15.8,11.06,1.7,71,19.39,1.34,1.87
8.09.2014,8,9,2014,15.8,11.06,1.7,71,19.39,1.34,1.87
9.09.2014,9,9,2014,15.8,11.06,1.7,71,19.39,1.34,1.7
10.09.2014,10,9,2014,15.8,11.06,1.7,71,19.39,1.34,2.39
11.09.2014,11,9,2014,15.8,11.06,1.7,71,19.39,1.34,4.55
12.09.2014,12,9,2014,15.8,11.06,1.7,71,19.39,1.34,3.01
13.09.2014,13,9,2014,15.8,11.06,1.7,71,19.39,1.34,2.79
14.09.2014,14,9,2014,15.8,11.06,1.7,71,19.39,1.34,2.79
15.09.2014,15,9,2014,15.8,11.06,1.7,71,19.39,1.34,3.24
16.09.2014,16,9,2014,15.8,11.06,1.7,71,19.39,1.34,4
17.09.2014,17,9,2014,15.8,11.06,1.7,71,19.39,1.34,5.16
18.09.2014,18,9,2014,15.8,11.06,1.7,71,19.39,1.34,8.76
19.09.2014,19,9,2014,15.8,11.06,1.7,71,19.39,1.34,9.66
20.09.2014,20,9,2014,15.8,11.06,1.7,71,19.39,1.34,15.2
21.09.2014,21,9,2014,15.8,11.06,1.7,71,19.39,1.34,8.31
22.09.2014,22,9,2014,15.8,11.06,1.7,71,19.39,1.34,8.31
23.09.2014,23,9,2014,15.8,11.06,1.7,71,19.39,1.34,9.21
24.09.2014,24,9,2014,15.8,11.06,1.7,71,19.39,1.34,8.31
25.09.2014,25,9,2014,15.8,11.06,1.7,71,19.39,1.34,7.42
26.09.2014,26,9,2014,15.8,11.06,1.7,71,19.39,1.34,6.97
27.09.2014,27,9,2014,15.8,11.06,1.7,71,19.39,1.34,9.21
28.09.2014,28,9,2014,15.8,11.06,1.7,71,19.39,1.34,15.8
29.09.2014,29,9,2014,15.8,11.06,1.7,71,19.39,1.34,10.6
30.09.2014,30,9,2014,15.8,11.06,1.7,71,19.39,1.34,7.86